Nombre,Tamaño,Plataforma,Portada,Género,Requisitos,Año,Estreno
171,11.7 Gb,PC,portadas/171.jpg,,,,
7 Days To Die,11.1 Gb,PC,portadas/7 Days To Die.jpg,,,,
7th Domain Tree Of Chaos,1.8 Gb,PC,portadas/7th Domain Tree Of Chaos.jpg,,,,
9 Years of Shadows,1.4 Gb,PC,portadas/9 Years of Shadows.jpg,,,,
A Day Out,10.6 Gb,PC,portadas/A Day Out.jpg,,,,
A Plague Tale Innocence,38.6 Gb,PC,portadas/A Plague Tale Innocence.jpg,,,,
A Plague Tale Requiem,37.6 Gb,PC,portadas/A Plague Tale Requiem.jpg,,,,
A Quiet Place The Road Ahead,30.2 Gb,PC,portadas/A Quiet Place The Road Ahead.jpg,,,,
A Tale of Paper Refolded,3.8 Gb,PC,portadas/A Tale of Paper Refolded.jpg,,,,
A Way Out,14.3 Gb,PC,portadas/A Way Out.jpg,,,,
Ace Combat 7 Skies Unknown,36.8 Gb,PC,portadas/Ace Combat 7 Skies Unknown.jpg,,,,
Ace Combat Assault Horizon,7.7 Gb,PC,portadas/Ace Combat Assault Horizon.jpg,,,,
Achilles Legends Untold,19.1 Gb,PC,portadas/Achilles Legends Untold.jpg,,,,
Across The Obelisk 4 5,1.1 Gb,PC,portadas/Across The Obelisk 4 5.jpg,,,,
Adventure Time Pirates of The Enchiridion,1.0 Gb,PC,portadas/Adventure Time Pirates of The Enchiridion.jpg,,,,
Aeterna Noctis Pit Of The Damned,6.2 Gb,PC,portadas/Aeterna Noctis Pit Of The Damned.jpg,,,,
Afterimage,6.5 Gb,PC,portadas/Afterimage.jpg,,,,
Age of Empires II Definitive Edition,18.4 Gb,PC,portadas/Age of Empires II Definitive Edition.jpg,,,,
Age of Empires II HD Rise of the Rajas,4.4 Gb,PC,portadas/Age of Empires II HD Rise of the Rajas.jpg,,,,
Age Of Empires III Definitive Edition,34.6 Gb,PC,portadas/Age Of Empires III Definitive Edition.jpg,,,,
Age of Empires IV,24.1 Gb,PC,portadas/Age of Empires IV.jpg,,,,
Age Of Mythology Retold Premium Edition,8.8 Gb,PC,portadas/Age Of Mythology Retold Premium Edition.jpg,,,,
Age of Wonders 4,8.9 Gb,PC,portadas/Age of Wonders 4.jpg,,,,
Air Conflicts Pacific Carriers,2.0 Gb,PC,portadas/Air Conflicts Pacific Carriers.jpg,,,,
Akatori chapterOne,0.8 Gb,PC,portadas/Akatori chapterOne.jpg,,,,
Akimbot,8.1 Gb,PC,portadas/Akimbot.jpg,,,,
Alaloth Champions of The Four Kingdoms Skylight,7.8 Gb,PC,portadas/Alaloth Champions of The Four Kingdoms Skylight.jpg,,,,
Alan Wake,7.5 Gb,PC,portadas/Alan Wake.jpg,,,,
Alan Wake 2,93.1 Gb,PC,portadas/Alan Wake 2.jpg,,,,
Alan Wake Remastered,25.7 Gb,PC,portadas/Alan Wake Remastered.jpg,,,,
Alaskan Road Truckers,8.8 Gb,PC,portadas/Alaskan Road Truckers.jpg,,,,
Alice Madness Returns,7.5 Gb,PC,portadas/Alice Madness Returns.jpg,,,,
Aliens Fireteam Elite Pathogen,19.3 Gb,PC,portadas/Aliens Fireteam Elite Pathogen.jpg,,,,
Alone in the Dark,27.0 Gb,PC,portadas/Alone in the Dark.jpg,,,,
Aluna Sentinel of The Shards,6.1 Gb,PC,portadas/Aluna Sentinel of The Shards.jpg,,,,
Ambulance Life A Paramedic Simulator 3,58.9 Gb,PC,portadas/Ambulance Life A Paramedic Simulator 3.jpg,,,,
American Truck Simulator,11.7 Gb,PC,portadas/American Truck Simulator.jpg,,,,
Amerzone The Explorers Legacy,13.1 Gb,PC,portadas/Amerzone The Explorers Legacy.jpg,,,,
Ancestors Legacy Slavs,21.5 Gb,PC,portadas/Ancestors Legacy Slavs.jpg,,,,
Ancestors The Humankind Odyssey,8.8 Gb,PC,portadas/Ancestors The Humankind Odyssey.jpg,,,,
Anno 1800,23.3 Gb,PC,portadas/Anno 1800.jpg,,,,
Anno 2205,15.2 Gb,PC,portadas/Anno 2205.jpg,,,,
Another Crab_s Treasure,7.2 Gb,PC,portadas/Another Crab_s Treasure.jpg,,,,
Antro,3.9 Gb,PC,portadas/Antro.jpg,,,,
AO Tennis 2,14.5 Gb,PC,portadas/AO Tennis 2.jpg,,,,
Apartment No 129,13.3 Gb,PC,portadas/Apartment No 129.jpg,,,,
Apex Legends,82.2 Gb,PC Online,portadas/Apex Legends.jpg,,,,
Aragami Collectors Edition,2.6 Gb,PC,portadas/Aragami Collectors Edition.jpg,,,,
ARK Survival Ascended,77.6 Gb,PC,portadas/ARK Survival Ascended.jpg,,,,
ARK Survival Evolved,6.5 Gb,PC,portadas/ARK Survival Evolved.jpg,,,,
Arma 3 Alpha Complete Edicion,10.0 Gb,PC,portadas/Arma 3 Alpha Complete Edicion.jpg,,,,
Arma 3 Expeditionary Forces,156.2 Gb,PC,portadas/Arma 3 Expeditionary Forces.jpg,,,,
Arma Assault 2 Reinforcements,7.9 Gb,PC,portadas/Arma Assault 2 Reinforcements.jpg,,,,
Arma Reforger,12.9 Gb,PC,portadas/Arma Reforger.jpg,,,,
Armored Core VI Fires of Rubicon,47.2 Gb,PC,portadas/Armored Core VI Fires of Rubicon.jpg,,,,
Army Men 2 Sarge´s War,0.6 Gb,PC,portadas/Army Men 2 Sarge´s War.jpg,,,,
Army Men RTS,0.3 Gb,PC,portadas/Army Men RTS.jpg,,,,
Arranger A Role Puzzling Adventure ,2.5 Gb,PC,portadas/Arranger A Role Puzzling Adventure.jpg,,,,
Ashen,8.2 Gb,PC,portadas/Ashen.jpg,,,,
ASKA Early Access,5.0 Gb,PC,portadas/ASKA Early Access.jpg,,,,
Assassin's Creed Brotherhood,3.8 Gb,PC,portadas/Assassin's Creed Brotherhood.jpg,,,,
Assassin's Creed Chronicles China,2.9 Gb,PC,portadas/Assassin's Creed Chronicles China.jpg,,,,
Assassin's Creed Chronicles Trilogy,8.3 Gb,PC,portadas/Assassin's Creed Chronicles Trilogy.jpg,,,,
Assassin's Creed I Director's Cut ,3.6 Gb,PC,portadas/Assassin's Creed I Director's Cut .jpg,,,,
Assassin's Creed II Deluxe Edition,3.9 Gb,PC,portadas/Assassin's Creed II Deluxe Edition.jpg,,,,
Assassin's Creed III - Remastered,13.6 Gb,PC,portadas/Assassin's Creed III - Remastered.jpg,,,,
Assassin's Creed Liberation HD,2.0 Gb,PC,portadas/Assassin's Creed Liberation HD.jpg,,,,
Assassin's Creed Origins The Curse Of The Pharaohs,43.7 Gb,PC,portadas/Assassin's Creed Origins The Curse Of The Pharaohs.jpg,,,,
Assassin's Creed Revelations Gold Edition,4.8 Gb,PC,portadas/Assassin's Creed Revelations Gold Edition.jpg,,,,
Assassin's Creed Rogue,7.8 Gb,PC,portadas/Assassin's Creed Rogue.jpg,,,,
Assassin's Creed Syndicate The Dreadful Crimes,60.1 Gb,PC,portadas/Assassin's Creed Syndicate The Dreadful Crimes.jpg,,,,
Assassin's Creed Unity Gold Edition,38.7 Gb,PC,portadas/Assassin's Creed Unity Gold Edition.jpg,,,,
Assassin's Creed Valhalla Complete Edition,66.2 Gb,PC,portadas/Assassin's Creed Valhalla Complete Edition.jpg,,,,
Assassins Creed IV Black Flag,18.3 Gb,PC,portadas/Assassins Creed IV Black Flag.jpg,,,,
Assassins Creed Odyssey The Fate of Atlantis,92.1 Gb,PC,portadas/Assassins Creed Odyssey The Fate of Atlantis.jpg,,,,
Assassin’s Creed Mirage,28.9 Gb,PC,portadas/Assassin’s Creed Mirage.jpg,,,,
Assetto Corsa,13.2 Gb,PC,portadas/Assetto Corsa.jpg,,,,
Assetto Corsa Competizione,10.8 Gb,PC,portadas/Assetto Corsa Competizione.jpg,,,,
Asterix-Obelix Slap Them All 2,2.1 Gb,PC,portadas/Asterix-Obelix Slap Them All 2.jpg,,,,
Astor Blade of the Monolith,7.4 Gb,PC,portadas/Astor Blade of the Monolith.jpg,,,,
asylum nightmares,9.9 Gb,PC,portadas/asylum nightmares.jpg,,,,
Atelier Ryza 2 Lost Legends and the Secret Fairy,13.4 Gb,PC,portadas/Atelier Ryza 2 Lost Legends and the Secret Fairy.jpg,,,,
Atelier Ryza 3 Alchemist Of The End & The Secret Key,21.6 Gb,PC,portadas/Atelier Ryza 3 Alchemist Of The End & The Secret Key.jpg,,,,
Atelier Ryza Ever Darkness and the Secret Hideout,8.3 Gb,PC,portadas/Atelier Ryza Ever Darkness and the Secret Hideout.jpg,,,,
Atelier Sophie 2 The Alchemist of the Mysterious Dream,12.9 Gb,PC,portadas/Atelier Sophie 2 The Alchemist of the Mysterious Dream.jpg,,,,
Atelier Yumia,14.0 Gb,PC,portadas/Atelier Yumia.jpg,,,,
Atlas Fallen,19.9 Gb,PC,portadas/Atlas Fallen.jpg,,,,
Atomic Heart,27.0 Gb,PC,portadas/Atomic Heart.jpg,,,,
Attack on Titan 2,29.3 Gb,PC,portadas/Attack on Titan 2.jpg,,,,
Attack on Titan Wings of Freedom,6.7 Gb,PC,portadas/Attack on Titan Wings of Freedom.jpg,,,,
Automobilista 2,24.4 Gb,PC,portadas/Automobilista 2.jpg,,,,
Autopsy Simulator,5.1 Gb,PC,portadas/Autopsy Simulator.jpg,,,,
Avatar,3.9 Gb,PC,portadas/Avatar.jpg,,,,
Avatar The Last Airbender Quest For Balance,8.6 Gb,PC,portadas/Avatar The Last Airbender Quest For Balance.jpg,,,,
Avowed Premium Edition,71.4 Gb,PC,portadas/Avowed Premium Edition.jpg,,,,
back 4 blood,49.7 Gb,PC,portadas/back 4 blood.jpg,,,,
Baldurs Gate 3,108.4 Gb,PC,portadas/Baldurs Gate 3.jpg,,,,
Banishers Ghosts Of New Eden,53.7 Gb,PC,portadas/Banishers Ghosts Of New Eden.jpg,,,,
barbie project friendship,2.7 Gb,PC,portadas/barbie project friendship.jpg,,,,
Barotrauma,1.3 Gb,PC,portadas/Barotrauma.jpg,,,,
Batman Arkham Asylum Game Of The Year Edition,5.5 Gb,PC,portadas/Batman Arkham Asylum Game Of The Year Edition.jpg,,,,
Batman Arkham City Game Of The Year Edition,18.4 Gb,PC,portadas/Batman Arkham City Game Of The Year Edition.jpg,,,,
Batman Arkham Knight Complete Edition,36.0 Gb,PC,portadas/Batman Arkham Knight Complete Edition.jpg,,,,
Batman Arkham Origins The Complete Edition,28.0 Gb,PC,portadas/Batman Arkham Origins The Complete Edition.jpg,,,,
Batman The Enemy Within Shadows Edition,9.1 Gb,PC,portadas/Batman The Enemy Within Shadows Edition.jpg,,,,
Batman The Telltale Series Shadows Edition,18.7 Gb,PC,portadas/Batman The Telltale Series Shadows Edition.jpg,,,,
Battlefield 1,21.8 Gb,PC,portadas/Battlefield 1.jpg,,,,
Battlefield 2 Complete Collection,3.5 Gb,PC,portadas/Battlefield 2 Complete Collection.jpg,,,,
Battlefield 3,35.5 Gb,PC,portadas/Battlefield 3.jpg,,,,
Battlefield 4,24.8 Gb,PC,portadas/Battlefield 4.jpg,,,,
Battlefield Bad Company 2,7.1 Gb,PC,portadas/Battlefield Bad Company 2.jpg,,,,
Battlefield Hardline,48.6 Gb,PC,portadas/Battlefield Hardline.jpg,,,,
Battlefield V,50.7 Gb,PC,portadas/Battlefield V.jpg,,,,
Beholder 2,1.8 Gb,PC,portadas/Beholder 2.jpg,,,,
Bellwright,20.1 Gb,PC,portadas/Bellwright.jpg,,,,
Beyon Blue,6.8 Gb,PC,portadas/Beyon Blue.jpg,,,,
Beyond Enemy Lines,16.1 Gb,PC,portadas/Beyond Enemy Lines.jpg,,,,
Beyond The Darkness,8.6 Gb,PC,portadas/Beyond The Darkness.jpg,,,,
Beyond Two Souls,38.5 Gb,PC,portadas/Beyond Two Souls.jpg,,,,
Big Ambitions Assemble The Line,3.9 Gb,PC,portadas/Big Ambitions Assemble The Line.jpg,,,,
big buck hunter ultimate trophy,11.0 Gb,PC,portadas/big buck hunter ultimate trophy.jpg,,,,
Biomutant,14.6 Gb,PC,portadas/Biomutant.jpg,,,,
Bioshock,3.7 Gb,PC,portadas/Bioshock.jpg,,,,
BioShock II Remastered,14.9 Gb,PC,portadas/BioShock II Remastered.jpg,,,,
BioShock Infinite,14.3 Gb,PC,portadas/BioShock Infinite.jpg,,,,
Black Desert,86.2 Gb,PC Online,portadas/Black Desert.jpg,,,,
Blasphemous 2,2.9 Gb,PC,portadas/Blasphemous 2.jpg,,,,
blood omen 2 legacy of kain,1.2 Gb,PC,portadas/blood omen 2 legacy of kain.jpg,,,,
BLOODSTRIKE,12.2 Gb,PC Online,portadas/BLOODSTRIKE.jpg,,,,
Bloody Ink,10.9 Gb,PC,portadas/Bloody Ink.jpg,,,,
Blue Prince,2.7 Gb,PC,portadas/Blue Prince.jpg,,,,
Blur,4.6 Gb,PC,portadas/Blur.jpg,,,,
Bo Path of the Teal Lotus,1.0 Gb,PC,portadas/Bo Path of the Teal Lotus.jpg,,,,
Bob Esponja El juego de Patricio Estrella,1.5 Gb,PC,portadas/Bob Esponja El juego de Patricio Estrella.jpg,,,,
Borderlands 2 Remastered,11.0 Gb,PC,portadas/Borderlands 2 Remastered.jpg,,,,
Borderlands 3 Designers Cut,118.8 Gb,PC,portadas/Borderlands 3 Designers Cut.jpg,,,,
Borderlands Game of The Year Enhanced,18.8 Gb,PC,portadas/Borderlands Game of The Year Enhanced.jpg,,,,
Bramble The Mountain King,7.4 Gb,PC,portadas/Bramble The Mountain King.jpg,,,,
Brewpub Simulator,11.3 Gb,PC,portadas/Brewpub Simulator.jpg,,,,
Bright Memory Infinite,10.8 Gb,PC,portadas/Bright Memory Infinite.jpg,,,,
Broken Sword Shadow Of The Templars Reforged,7.0 Gb,PC,portadas/Broken Sword Shadow Of The Templars Reforged.jpg,,,,
Brothers A Tale of Two Sons Remake,11.0 Gb,PC,portadas/Brothers A Tale of Two Sons Remake.jpg,,,,
Brothers in Arms Collection,6.5 Gb,PC,portadas/Brothers in Arms Collection.jpg,,,,
Brutal Legend,7.8 Gb,PC,portadas/Brutal Legend.jpg,,,,
Builders Of Egypt,14.1 Gb,PC,portadas/Builders Of Egypt.jpg,,,,
Bully Scholarship Edition,3.3 Gb,PC,portadas/Bully Scholarship Edition.jpg,,,,
Bulwark Evolution Falconeer Chronicles,2.0 Gb,PC,portadas/Bulwark Evolution Falconeer Chronicles.jpg,,,,
burial,3.9 Gb,PC,portadas/burial.jpg,,,,
Burnout Paradise The Ultimate Box,3.1 Gb,PC,portadas/Burnout Paradise The Ultimate Box.jpg,,,,
bus driving sim 22,8.6 Gb,PC,portadas/bus driving sim 22.jpg,,,,
Cafe Owner Simulator,4.6 Gb,PC,portadas/Cafe Owner Simulator.jpg,,,,
Cafemart Simulator,7.5 Gb,PC,portadas/Cafemart Simulator.jpg,,,,
Call of Duty Warzone,156.2 Gb,PC Online,portadas/Call of Duty Warzone.jpg,,,,
Call Of Duty 01,1.2 Gb,PC,portadas/Call Of Duty 01.jpg,,,,
Call Of Duty 02,3.7 Gb,PC,portadas/Call Of Duty 02.jpg,,,,
Call Of Duty 04 Modern Warfare,6.5 Gb,PC,portadas/Call Of Duty 04 Modern Warfare.jpg,,,,
Call Of Duty 05 World At War,7.0 Gb,PC,portadas/Call Of Duty 05 World At War.jpg,,,,
Call Of Duty 06 Modern Warfare 2,15.8 Gb,PC,portadas/Call Of Duty 06 Modern Warfare 2.jpg,,,,
Call Of Duty 07 Black Ops,9.3 Gb,PC,portadas/Call Of Duty 07 Black Ops.jpg,,,,
Call Of Duty 08 Modern Warfare 3,17.0 Gb,PC,portadas/Call Of Duty 08 Modern Warfare 3.jpg,,,,
Call Of Duty 09 Black Ops 2,27.8 Gb,PC,portadas/Call Of Duty 09 Black Ops 2.jpg,,,,
Call Of Duty 10 Ghosts,30.5 Gb,PC,portadas/Call Of Duty 10 Ghosts.jpg,,,,
Call Of Duty 11 Advanced Warfare,50.9 Gb,PC,portadas/Call Of Duty 11 Advanced Warfare.jpg,,,,
Call Of Duty 12 Black Ops 3 Zombies Chronicles,107.9 Gb,PC,portadas/Call Of Duty 12 Black Ops 3 Zombies Chronicles.jpg,,,,
Call Of Duty 13 Infinity Warfare,68.6 Gb,PC,portadas/Call Of Duty 13 Infinity Warfare.jpg,,,,
Call of Duty 14 WWII Shadow War,156.1 Gb,PC,portadas/Call of Duty 14 WWII Shadow War.jpg,,,,
Call Of Duty Black Ops 6,51.3 Gb,PC,portadas/Call Of Duty Black Ops 6.jpg,,,,
Call Of Duty Black Ops Cold War,122.7 Gb,PC,portadas/Call Of Duty Black Ops Cold War.jpg,,,,
Call Of Duty Modern Warfare,162.9 Gb,PC,portadas/Call Of Duty Modern Warfare.jpg,,,,
Call Of Duty Modern Warfare 2 Remasterd,54.4 Gb,PC,portadas/Call Of Duty Modern Warfare 2 Remasterd.jpg,,,,
Call Of Duty Modern Warfare II,74.1 Gb,PC,portadas/Call Of Duty Modern Warfare II.jpg,,,,
Call of Duty Modern Warfare III,49.2 Gb,PC,portadas/Call of Duty Modern Warfare III.jpg,,,,true
Call of Duty Modern Warfare Remastered ,47.9 Gb,PC,portadas/Call of Duty Modern Warfare Remastered .jpg,,,,
Call Of Duty Vanguard,61.4 Gb,PC,portadas/Call Of Duty Vanguard.jpg,,,,
Call of Juarez Bound in Blood,2.9 Gb,PC,portadas/Call of Juarez Bound in Blood.jpg,,,,
Call of Juarez Gunslinger,4.5 Gb,PC,portadas/Call of Juarez Gunslinger.jpg,,,,
Captain Tsubasa Rise of New Champions,13.3 Gb,PC,portadas/Captain Tsubasa Rise of New Champions.jpg,,,,
Cartel Tycoon,2.1 Gb,PC,portadas/Cartel Tycoon.jpg,,,,
CarX Street,12.3 Gb,PC,portadas/CarX Street.jpg,,,,
Cash Cleaner Simulator,1.8 Gb,PC,portadas/Cash Cleaner Simulator .jpg,,,,
Casino Simulator,6.9 Gb,PC,portadas/Casino Simulator.jpg,,,,
Castlevania Lords of Shadow 2,11.8 Gb,PC,portadas/Castlevania Lords of Shadow 2.jpg,,,,
Castlevania Lords of Shadow Mirror Fate HD,2.0 Gb,PC,portadas/Castlevania Lords of Shadow Mirror Fate HD.jpg,,,,
Catherine Classic,7.9 Gb,PC,portadas/Catherine Classic.jpg,,,,
Chef Life A Restaurant Simulator,2.3 Gb,PC,portadas/Chef Life A Restaurant Simulator.jpg,,,,
Chernobylite 2 Exclusion Zone,115.7 Gb,PC,portadas/Chernobylite 2 Exclusion Zone.jpg,,,,
Chicken Police Into the HIVE,2.8 Gb,PC,portadas/Chicken Police Into the HIVE.jpg,,,,
Chornobyl Liquidators,13.1 Gb,PC,portadas/Chornobyl Liquidators.jpg,,,,
Chrono Ark,7.4 Gb,PC,portadas/Chrono Ark.jpg,,,,
Chronos Before The Ashes,7.1 Gb,PC,portadas/Chronos Before The Ashes.jpg,,,,
Citadel Forged with Fire Balaroks Revenge The Spirits of Umbrus,4.1 Gb,PC,portadas/Citadel Forged with Fire Balaroks Revenge The Spirits of Umbrus.jpg,,,,
Cities Skylines Hotels And Retreats,10.7 Gb,PC,portadas/Cities Skylines Hotels And Retreats.jpg,,,,
Cities Skylines II,54.4 Gb,PC,portadas/Cities Skylines II.jpg,,,,
Clair Obscur Expedition 33,40.0 Gb,PC,portadas/Clair Obscur Expedition 33.jpg,,,,
CLeM Español,1.2 Gb,PC,portadas/CLeM Español.jpg,,,,
Clock Tower Rewind-Chronos,7.6 Gb,PC,portadas/Clock Tower Rewind-Chronos.jpg,,,,
CODE VEIN Deluxe Edition,30.9 Gb,PC,portadas/CODE VEIN Deluxe Edition.jpg,,,,
Codename Panzers II,2.2 Gb,PC,portadas/Codename Panzers II.jpg,,,,
Comandos Strike Force,3.8 Gb,PC,portadas/Comandos Strike Force.jpg,,,,
Command & Conquer 3 La Ira De Kane,7.6 Gb,PC,portadas/Command & Conquer 3 La Ira De Kane.jpg,,,,
Command & Conquer 3 Tiberium Wars Kane Edition,7.7 Gb,PC,portadas/Command & Conquer 3 Tiberium Wars Kane Edition.jpg,,,,
Command & Conquer Generals,1.3 Gb,PC,portadas/Command & Conquer Generals.jpg,,,,
Commandos 2 HD Remaster,2.6 Gb,PC,portadas/Commandos 2 HD Remaster.jpg,,,,
Commandos Behind Enemy Lines,0.4 Gb,PC,portadas/Commandos Behind Enemy Lines.jpg,,,,
Commandos Origins,10.4 Gb,PC,portadas/Commandos Origins.jpg,,,,
Company Of Heroes,12.1 Gb,PC,portadas/Company Of Heroes.jpg,,,,
Company of Heroes 2 Master Collection,28.6 Gb,PC,portadas/Company of Heroes 2 Master Collection.jpg,,,,
Company of Heroes 3,20.4 Gb,PC,portadas/Company of Heroes 3.jpg,,,,
Conan Exiles,59.7 Gb,PC,portadas/Conan Exiles.jpg,,,,
Conflict Denied Ops ,6.5 Gb,PC,portadas/Conflict Denied Ops .jpg,,,,
Conflict Desert Storm 1,0.7 Gb,PC,portadas/Conflict Desert Storm 1.jpg,,,,
Conflict Desert Storm 2,1.0 Gb,PC,portadas/Conflict Desert Storm 2.jpg,,,,
Connection The Nightmare Within ,16.6 Gb,PC,portadas/Connection The Nightmare Within jpg,,,,
Constantine,1.9 Gb,PC,portadas/Constantine.jpg,,,,
Contra Operation Galuga,6.4 Gb,PC,portadas/Contra Operation Galuga.jpg,,,,
ContractVille Español,21.3 Gb,PC,portadas/ContractVille Español.jpg,,,,
Control Ultimate Edition,19.9 Gb,PC,portadas/Control Ultimate Edition.jpg,,,,
Convergence a League of Legends Story,3.8 Gb,PC,portadas/Convergence a League of Legends Story.jpg,,,,
Cookie Cutter,2.4 Gb,PC,portadas/Cookie Cutter.jpg,,,,
Coral Island,7.1 Gb,PC,portadas/Coral Island.jpg,,,,
cossacks 3 experience,3.1 Gb,PC,portadas/cossacks 3 experience.jpg,,,,
Counter Strike Global Offensive,56.1 Gb,PC Online,portadas/Counter Strike Global Offensive.jpg,,,,
Cowboy 3030 Early Access,5.1 Gb,PC,portadas/Cowboy 3030 Early Access.jpg,,,,
Crash Bandicoot 4 Its About Time,23.0 Gb,PC,portadas/Crash Bandicoot 4 Its About Time.jpg,,,,
Crash Bandicoot N Sane Trilogy,25.3 Gb,PC,portadas/Crash Bandicoot N Sane Trilogy.jpg,,,,
Crime Boss Rockay City,53.6 Gb,PC,portadas/Crime Boss Rockay City.jpg,,,,
Croc Legend of the Gobbos Remastered,2.1 Gb,PC,portadas/Croc Legend of the Gobbos Remastered.jpg,,,,
Cronos The New Dawn Deluxe Edition,22.4 Gb,PC,portadas/Cronos The New Dawn Deluxe Edition.jpg,,,,true
Crossfire Legion .Early Access,9.0 Gb,PC,portadas/Crossfire Legion .Early Access.jpg,,,,
Crusader Kings III Royal Edition Español,3.9 Gb,PC,portadas/Crusader Kings III Royal Edition Español.jpg,,,,
Crysis,6.9 Gb,PC,portadas/Crysis.jpg,,,,
Crysis 2 Maximum Edition,9.1 Gb,PC,portadas/Crysis 2 Maximum Edition.jpg,,,,
Crysis 2 Remastered,38.8 Gb,PC,portadas/Crysis 2 Remastered.jpg,,,,
Crysis 3 Remastered,16.6 Gb,PC,portadas/Crysis 3 Remastered.jpg,,,,
Crysis Remastered,21.8 Gb,PC,portadas/Crysis Remastered.jpg,,,,
Cubic Odyssey 0 1 29,2.0 Gb,PC,portadas/Cubic Odyssey 0 1 29.jpg,,,,
Cult Of The Lamb ,4.1 Gb,PC,portadas/Cult Of The Lamb .jpg,,,,
Cuphead Deluxe Edition,4.7 Gb,PC,portadas/Cuphead Deluxe Edition.jpg,,,,
Cyberpunk,91.3 Gb,PC,portadas/Cyberpunk.jpg,,,,
Cygni All Guns Blazing,20.4 Gb,PC,portadas/Cygni All Guns Blazing.jpg,,,,
Daemon X Machina Titanic Scion,20.5 Gb,PC,portadas/Daemon X Machina Titanic Scion.jpg,,,,
Dark Souls II Scholar Of The First Sin Bu,15.5 Gb,PC,portadas/Dark Souls II Scholar Of The First Sin Bu.jpg,,,,
Dark Souls III,25.6 Gb,PC,portadas/Dark Souls III.jpg,,,,
Dark Souls Prepare to Die,3.7 Gb,PC,portadas/Dark Souls Prepare to Die.jpg,,,,
Dark Souls REMASTERED,6.6 Gb,PC,portadas/Dark Souls REMASTERED.jpg,,,,
Darkest Dungeon,2.4 Gb,PC,portadas/Darkest Dungeon.jpg,,,,
Darksiders Genesis,9.5 Gb,PC,portadas/Darksiders Genesis.jpg,,,,
Darksiders II Deathinitive Edition,12.5 Gb,PC,portadas/Darksiders II Deathinitive Edition.jpg,,,,
Darksiders III Keepers Of The Void Deluxe Edition,24.3 Gb,PC,portadas/Darksiders III Keepers Of The Void Deluxe Edition.jpg,,,,
Darksiders Warmastered Edition,23.8 Gb,PC,portadas/Darksiders Warmastered Edition.jpg,,,,
Darkwood Pc,2.4 Gb,PC,portadas/Darkwood Pc.jpg,,,,
Date Z,4.2 Gb,PC,portadas/Date Z.jpg,,,,
Dave The Diver ,2.2 Gb,PC,portadas/Dave The Diver .jpg,,,,
DAVYxJONES,17.2 Gb,PC,portadas/DAVYxJONES.jpg,,,,
Daydream Forgotten Sorrow Español,3.9 Gb,PC,portadas/Daydream Forgotten Sorrow Español.jpg,,,,
Days Gone Complete Edition,52.0 Gb,PC,portadas/Days Gone Complete Edition.jpg,,,,
Days Gone Remastered,33.2 Gb,PC,portadas/Days Gone Remastered.jpg,,,,
DayZ,23.9 Gb,PC,portadas/DayZ.jpg,,,,
Dayz Full Español,13.6 Gb,PC,portadas/Dayz Full Español.jpg,,,,
DCS A-10C Warthog,4.5 Gb,PC,portadas/DCS A-10C Warthog.jpg,,,,
DCS K-50 Black Shark,3.6 Gb,PC,portadas/DCS K-50 Black Shark.jpg,,,,
DCS Lock On Flaming Cliffs 2,3.1 Gb,PC,portadas/DCS Lock On Flaming Cliffs 2.jpg,,,,
Dead Cells,2.4 Gb,PC,portadas/Dead Cells.jpg,,,,
Dead Island 1Riptide,5.4 Gb,PC,portadas/Dead Island 1Riptide.jpg,,,,
Dead Island 2,45.4 Gb,PC,portadas/Dead Island 2.jpg,,,,
Dead Rising,3.5 Gb,PC,portadas/Dead Rising.jpg,,,,
Dead Rising 2,5.3 Gb,PC,portadas/Dead Rising 2.jpg,,,,
Dead Rising Deluxe Remaster,66.1 Gb,PC,portadas/Dead Rising Deluxe Remaster.jpg,,,,
Dead Space ,7.4 Gb,PC,portadas/Dead Space .jpg,,,,
Dead Space 2,11.6 Gb,PC,portadas/Dead Space 2.jpg,,,,
Dead Space 3+DLC Awakened,6.3 Gb,PC,portadas/Dead Space 3+DLC Awakened.jpg,,,,
Deadpool The Video Game,4.1 Gb,PC,portadas/Deadpool The Video Game.jpg,,,,
Dealer Simulator,1.1 Gb,PC,portadas/Dealer Simulator.jpg,,,,
Death Stranding Directors Cut,69.1 Gb,PC,portadas/Death Stranding Directors Cut.jpg,,,,
Delta Force,124.0 Gb,PC Online,portadas/Delta Force.jpg,,,,
Demolish & Build 3,19.6 Gb,PC,portadas/Demolish & Build 3.jpg,,,,
Demon’s Souls Black Phantom Edition,3.4 Gb,PC,portadas/Demon’s Souls Black Phantom Edition.jpg,,,,
Denizen,16.3 Gb,PC,portadas/Denizen.jpg,,,,
Destroy All Humans 2 Reprobed,35.4 Gb,PC,portadas/Destroy All Humans 2 Reprobed.jpg,,,,
Detechtive 2112,9.3 Gb,PC,portadas/Detechtive 2112.jpg,,,,
Detroit Become Human,52.8 Gb,PC,portadas/Detroit Become Human.jpg,,,,
Devil May Cry 4 Special Edition,6.8 Gb,PC,portadas/Devil May Cry 4 Special Edition.jpg,,,,
Devil May Cry 5 Vergil,39.7 Gb,PC,portadas/Devil May Cry 5 Vergil.jpg,,,,
Devilated,8.3 Gb,PC,portadas/Devilated.jpg,,,,
DIABLO 3,7.8 Gb,PC,portadas/DIABLO 3.jpg,,,,
Diablo II Resurrected,31.2 Gb,PC,portadas/Diablo II Resurrected.jpg,,,,
Diatomic,1.0 Gb,PC,portadas/Diatomic.jpg,,,,
dimensionals,4.5 Gb,PC,portadas/dimensionals.jpg,,,,
Dino Crisis bundle,1.0 Gb,PC,portadas/Dino Crisis bundle.jpg,,,,
Diplomacy is Not an Option,3.7 Gb,PC,portadas/Diplomacy is Not an Option.jpg,,,,
Dirt 4,31.7 Gb,PC,portadas/Dirt 4.jpg,,,,
DiRT Rally 2.0 Deluxe Edition,87.3 Gb,PC,portadas/DiRT Rally 2.0 Deluxe Edition.jpg,,,,
disaster band,1.3 Gb,PC,portadas/disaster band.jpg,,,,
Disciples Liberation,6.6 Gb,PC,portadas/Disciples Liberation.jpg,,,,
Disco Elysium Hardcore,11.9 Gb,PC,portadas/Disco Elysium Hardcore.jpg,,,,
Dishonored 2,37.0 Gb,PC,portadas/Dishonored 2.jpg,,,,
Dishonored Game Of The Year Edition,13.1 Gb,PC,portadas/Dishonored Game Of The Year Edition.jpg,,,,
Disney Dreamlight Valley,9.0 Gb,PC,portadas/Disney Dreamlight Valley.jpg,,,,
Disney Epic Mickey 2 The Power Of Two,5.4 Gb,PC,portadas/Disney Epic Mickey 2 The Power Of Two.jpg,,,,
Disney Epic Mickey Rebrushed,22.7 Gb,PC,portadas/Disney Epic Mickey Rebrushed.jpg,,,,
Distant Bloom,1.5 Gb,PC,portadas/Distant Bloom.jpg,,,,
Don't Starve,1.8 Gb,PC,portadas/Don't Starve.jpg,,,,
Doom,86.8 Gb,PC,portadas/Doom.jpg,,,,
DOOM + DOOM II Enhanced Steam Edition,0.8 Gb,PC,portadas/DOOM + DOOM II Enhanced Steam Edition.jpg,,,,
Doom 3,1.6 Gb,PC,portadas/Doom 3.jpg,,,,
Doom Eternal The Ancient Gods,80.9 Gb,PC,portadas/Doom Eternal The Ancient Gods.jpg,,,,
Doomblade,2.3 Gb,PC,portadas/Doomblade.jpg,,,,
dota 2,56.1 Gb,PC Online,portadas/dota 2.jpg,,,,
Dota2offline,48.1 Gb,PC,portadas/Dota2offline.jpg,,,,
Dragon Age II Ultimate Edition 1.04,8.4 Gb,PC,portadas/Dragon Age II Ultimate Edition 1.04.jpg,,,,
Dragon Age Inquisition Deluxe Edition,45.6 Gb,PC,portadas/Dragon Age Inquisition Deluxe Edition.jpg,,,,
Dragon Age Origins,7.7 Gb,PC,portadas/Dragon Age Origins.jpg,,,,
Dragon Age The Veilguard,80.6 Gb,PC,portadas/Dragon Age The Veilguard.jpg,,,,
Dragon Ball Sparking ZERO,24.6 Gb,PC,portadas/Dragon Ball Sparking ZERO.jpg,,,,
Dragon Ball Xenoverse 2 Hero of Justice,24.2 Gb,PC,portadas/Dragon Ball Xenoverse 2 Hero of Justice.jpg,,,,
Dragon Ball Z Kakarot,40.1 Gb,PC,portadas/Dragon Ball Z Kakarot.jpg,,,,
Dragon Chronicles Black Tears Español,1.3 Gb,PC,portadas/Dragon Chronicles Black Tears Español.jpg,,,,
DRAGON QUEST XI Echoes of an Elusive Age,28.9 Gb,PC,portadas/DRAGON QUEST XI Echoes of an Elusive Age.jpg,,,,
Dragonkin The Banished,30.2 Gb,PC,portadas/Dragonkin The Banished.jpg,,,,
Dragons Dogma 2,56.2 Gb,PC,portadas/Dragons Dogma 2.jpg,,,,
Dragons Dogma Dark Arisen,14.3 Gb,PC,portadas/Dragons Dogma Dark Arisen.jpg,,,,
Drakesang The River Of Time,2.6 Gb,PC,portadas/Drakesang The River Of Time.jpg,,,,
Dreadhaunt,9.8 Gb,PC,portadas/Dreadhaunt.jpg,,,,
drive rally,1.1 Gb,PC,portadas/drive rally.jpg,,,,
Driveloop Survivors Early Access,1.6 Gb,PC,portadas/Driveloop Survivors Early Access.jpg,,,,
Driver San Francisco,7.3 Gb,PC,portadas/Driver San Francisco.jpg,,,,
Drug Dealer Simulator 2,26.1 Gb,PC,portadas/Drug Dealer Simulator 2.jpg,,,,
Drug Dealer Simulator 2 Casino,28.9 Gb,PC,portadas/Drug Dealer Simulator 2 Casino.jpg,,,,
Dune Spice Wars ,5.5 Gb,PC,portadas/Dune Spice Wars .jpg,,,,
Dungeons & Dragons Daggerdale,2.8 Gb,PC,portadas/Dungeons & Dragons Daggerdale.jpg,,,,
Dungeons 3,4.1 Gb,PC,portadas/Dungeons 3.jpg,,,,
Dustborn,8.1 Gb,PC,portadas/Dustborn.jpg,,,,
Dying Light 2 Stay Human,42.6 Gb,PC,portadas/Dying Light 2 Stay Human.jpg,,,,
Dying Light Platinum Edition,27.0 Gb,PC,portadas/Dying Light Platinum Edition.jpg,,,,
Dynasty Warriors Origins,45.3 Gb,PC,portadas/Dynasty Warriors Origins.jpg,,,,
Echoes Of The Backrooms,8.7 Gb,PC,portadas/Echoes Of The Backrooms.jpg,,,,
Echoes Of YI Samsara,23.3 Gb,PC,portadas/Echoes Of YI Samsara.jpg,,,,
El Señor De Los Anillos La Conquista,6.4 Gb,PC,portadas/El Señor De Los Anillos La Conquista.jpg,,,,
Elden Ring Deluxe Edition 1.16.0,63.0 Gb,PC,portadas/Elden Ring Deluxe Edition 1.16.0.jpg,,,,
Elden Ring Nightreign,20.0 Gb,PC,portadas/Elden Ring Nightreign.jpg,,,,
ELEX II,35.6 Gb,PC,portadas/ELEX II.jpg,,,,
Empire Earth Gold Edition,1.2 Gb,PC,portadas/Empire Earth Gold Edition.jpg,,,,
Empire Earth II Gold Edition,1.7 Gb,PC,portadas/Empire Earth II Gold Edition.jpg,,,,
Empire Of The Ants,36.5 Gb,PC,portadas/Empire Of The Ants.jpg,,,,
Empires Dawn of the Modern World,1.3 Gb,PC,portadas/Empires Dawn of the Modern World.jpg,,,,
Empires of the Undergrowth,5.6 Gb,PC,portadas/Empires of the Undergrowth.jpg,,,,
Ender Lilies Quietus of the Knights,1.1 Gb,PC,portadas/Ender Lilies Quietus of the Knights.jpg,,,,
Ender Magnolia Bloom In The Mist,4.4 Gb,PC,portadas/Ender Magnolia Bloom In The Mist.jpg,,,,
Enotria The Last Song,13.1 Gb,PC,portadas/Enotria The Last Song.jpg,,,,
Enshrouded,30.7 Gb,PC,portadas/Enshrouded.jpg,,,,
Ereban Shadow Legacy,3.2 Gb,PC,portadas/Ereban Shadow Legacy.jpg,,,,
Escape from Tarkov,7.9 Gb,PC,portadas/Escape from Tarkov.jpg,,,,
Eternal Strands,7.5 Gb,PC,portadas/Eternal Strands.jpg,,,,
Euro Truck Simulator 2,14.0 Gb,PC,portadas/Euro Truck Simulator 2.jpg,,,,
Europa,2.7 Gb,PC,portadas/Europa.jpg,,,,
Europa Universalis IV 1.37.3,6.2 Gb,PC,portadas/Europa Universalis IV 1.37.3.jpg,,,,
Evergate,1.9 Gb,PC,portadas/Evergate.jpg,,,,
Everybodys Golf Hot Shots,35.8 Gb,PC,portadas/Everybodys Golf Hot Shots.jpg,,,,true
Evil West ,27.3 Gb,PC,portadas/Evil West .jpg,,,,
EvilVEvil,41.1 Gb,PC,portadas/EvilVEvil.jpg,,,,
Exogate Initiative-GoldBerg,1.9 Gb,PC,portadas/Exogate Initiative-GoldBerg.jpg,,,,
Expeditions A MudRunner Game,12.2 Gb,PC,portadas/Expeditions A MudRunner Game.jpg,,,,
Exsys,3.9 Gb,PC,portadas/Exsys.jpg,,,,
F1 22,27.5 Gb,PC,portadas/F1 22.jpg,,,,
Fable Anniversary,8.8 Gb,PC,portadas/Fable Anniversary.jpg,,,,
Fable III ,9.9 Gb,PC,portadas/Fable III .jpg,,,,
Fable The Lost Chapter,2.6 Gb,PC,portadas/Fable The Lost Chapter.jpg,,,,
Fabledom,1.1 Gb,PC,portadas/Fabledom.jpg,,,,
Factorio,4.0 Gb,PC,portadas/Factorio.jpg,,,,
Faery Legends of Avalon,0.9 Gb,PC,portadas/Faery Legends of Avalon.jpg,,,,
Fallen.Aces,6.8 Gb,PC,portadas/Fallen.Aces.jpg,,,,
Fallout 2,1.0 Gb,PC,portadas/Fallout 2.jpg,,,,
Fallout 3 Game of The Year Edition,16.3 Gb,PC,portadas/Fallout 3 Game of The Year Edition.jpg,,,,
Fallout 4,23.0 Gb,PC,portadas/Fallout 4.jpg,,,,
Fallout London,39.6 Gb,PC,portadas/Fallout London.jpg,,,,
Fallout New Vegas,6.3 Gb,PC,portadas/Fallout New Vegas.jpg,,,,
Fantasy Life I The Girl Who Steals Time,12.7 Gb,PC,portadas/Fantasy Life I The Girl Who Steals Time.jpg,,,,
Far Cry,4.3 Gb,PC,portadas/Far Cry.jpg,,,,
Far Cry 2,2.5 Gb,PC,portadas/Far Cry 2.jpg,,,,
Far Cry 3,5.8 Gb,PC,portadas/Far Cry 3.jpg,,,,
Far Cry 4 Complete Edition,23.7 Gb,PC,portadas/Far Cry 4 Complete Edition.jpg,,,,
Far Cry 5,43.5 Gb,PC,portadas/Far Cry 5.jpg,,,,
Far Cry 6 Ultimate Edition,46.2 Gb,PC,portadas/Far Cry 6 Ultimate Edition.jpg,,,,
Far Cry New Dawn Deluxe Edition,40.4 Gb,PC,portadas/Far Cry New Dawn Deluxe Edition.jpg,,,,
Far Cry Primal 1.3.3,13.6 Gb,PC,portadas/Far Cry Primal 1.3.3.jpg,,,,
Farlight 84,31.8 Gb,PC Online,portadas/Farlight 84.jpg,,,,
Farm Manager,4.9 Gb,PC,portadas/Farm Manager.jpg,,,,
Farm Manager World ,12.6 Gb,PC,portadas/Farm Manager World .jpg,,,,
Farmagia,9.7 Gb,PC,portadas/Farmagia.jpg,,,,
Farmers Life,3.0 Gb,PC,portadas/Farmers Life.jpg,,,,
Farming Simulator 15,3.3 Gb,PC,portadas/Farming Simulator 15.jpg,,,,
Farming Simulator 17 Platinum Expansion,6.8 Gb,PC,portadas/Farming Simulator 17 Platinum Expansion.jpg,,,,
Farming Simulator 19,14.5 Gb,PC,portadas/Farming Simulator 19.jpg,,,,
Farming Simulator 22,21.7 Gb,PC,portadas/Farming Simulator 22.jpg,,,,
Farming Simulator 25,18.6 Gb,PC,portadas/Farming Simulator 25.jpg,,,,
Fatal Fury City Of The Wolves,30.4 Gb,PC,portadas/Fatal Fury City Of The Wolves.jpg,,,,
FATE Reawakened,1.3 Gb,PC,portadas/FATE Reawakened.jpg,,,,
Fates Ties,2.3 Gb,PC,portadas/Fates Ties.jpg,,,,
Fatestay Night Remastered,8.2 Gb,PC,portadas/Fatestay Night Remastered.jpg,,,,
FERNBUS SIMULATOR,4.6 Gb,PC,portadas/FERNBUS SIMULATOR.jpg,,,,
feudal baron kings land,8.1 Gb,PC,portadas/feudal baron kings land.jpg,,,,
Fida Puti Samurai,1.2 Gb,PC,portadas/Fida Puti Samurai.jpg,,,,
FIFA 11,6.2 Gb,PC,portadas/FIFA 11.jpg,,,,
FIFA 14,16.4 Gb,PC,portadas/FIFA 14.jpg,,,,
FIFA 15,13.5 Gb,PC,portadas/FIFA 15.jpg,,,,
FIFA 16,19.1 Gb,PC,portadas/FIFA 16.jpg,,,,
FIFA 18,31.7 Gb,PC,portadas/FIFA 18.jpg,,,,
FIFA 19,47.4 Gb,PC,portadas/FIFA 19.jpg,,,,
FIFA 23 Ultimate Edition,68.4 Gb,PC,portadas/FIFA 23 Ultimate Edition.jpg,,,,
Final Fantasy Type 0 HD,12.6 Gb,PC,portadas/Final Fantasy Type 0 HD.jpg,,,,
Final Fantasy VII Rebirth,149.1 Gb,PC,portadas/Final Fantasy VII Rebirth.jpg,,,,
Final Fantasy VII Remake Intergrade,90.5 Gb,PC,portadas/Final Fantasy VII Remake Intergrade.jpg,,,,
Final Fantasy XV Episode Ardyn Windows Edition,96.4 Gb,PC,portadas/Final Fantasy XV Episode Ardyn Windows Edition.jpg,,,,
Final Fantasy XVI,153.2 Gb,PC,portadas/Final Fantasy XVI.jpg,,,,
Five Nights At Freddy's Help Wanted 2,10.2 Gb,PC,portadas/Five Nights At Freddy's Help Wanted 2.jpg,,,,
Five Nights at Freddy's Into the Pit,3.6 Gb,PC,portadas/Five Nights at Freddy's Into the Pit.jpg,,,,
Five Nights at Freddys 3,0.1 Gb,PC,portadas/Five Nights at Freddys 3.jpg,,,,
Five Nights at Freddys 4 ,1.0 Gb,PC,portadas/Five Nights at Freddys 4 .jpg,,,,
Five.Nights at Freddys 2,0.2 Gb,PC,portadas/Five.Nights at Freddys 2.jpg,,,,
FlatOut,1.0 Gb,PC,portadas/FlatOut.jpg,,,,
FlatOut 2,2.6 Gb,PC,portadas/FlatOut 2.jpg,,,,
Flatout 3 Chaos and Destruction,5.7 Gb,PC,portadas/Flatout 3 Chaos and Destruction.jpg,,,,
FlatOut 4 Total Insanity,4.6 Gb,PC,portadas/FlatOut 4 Total Insanity.jpg,,,,
Flintlock The Siege of Dawn,14.4 Gb,PC,portadas/Flintlock The Siege of Dawn.jpg,,,,
Football Manager,2.9 Gb,PC,portadas/Football Manager.jpg,,,,
For The King II 2 20,4.5 Gb,PC,portadas/For The King II 2 20.jpg,,,,
Forspoken,89.6 Gb,PC,portadas/Forspoken.jpg,,,,
Fortnite,66.2 Gb,PC Online,portadas/Fortnite.jpg,,,,
Forza Horizon 3 Ultimate Edition,43.6 Gb,PC,portadas/Forza Horizon 3 Ultimate Edition.jpg,,,,
Forza Horizon 4 - Ultimate Edition v.1.465.282.0 - Steam,46.3 Gb,PC,portadas/Forza Horizon 4 - Ultimate Edition v.1.465.282.0 - Steam.jpg,,,,
Forza Horizon 5 Premium Edition,129.0 Gb,PC,portadas/Forza Horizon 5 Premium Edition.jpg,,,,
Forza Motorsport 7 Ultimate Edition,100.3 Gb,PC,portadas/Forza Motorsport 7 Ultimate Edition.jpg,,,,
Forza.Horizon 3,39.1 Gb,PC,portadas/Forza.Horizon 3.jpg,,,,
Fossilfuel 2,11.7 Gb,PC,portadas/Fossilfuel 2.jpg,,,,
Foundation,2.0 Gb,PC,portadas/Foundation.jpg,,,,
Fragmented,4.0 Gb,PC,portadas/Fragmented.jpg,,,,
Frontier Pilot Simulator Español,2.2 Gb,PC,portadas/Frontier Pilot Simulator Español.jpg,,,,
Frostpunk 2 Español,10.4 Gb,PC,portadas/Frostpunk 2 Español.jpg,,,,
Fruitbus,2.8 Gb,PC,portadas/Fruitbus.jpg,,,,
Funko Fusion,40.7 Gb,PC,portadas/Funko Fusion.jpg,,,,
galaxy dreamer,1.0 Gb,PC,portadas/galaxy dreamer.jpg,,,,
Gardener Master of Trees and Flowers,0.8 Gb,PC,portadas/Gardener Master of Trees and Flowers.jpg,,,,
Gas Station SImulator,12.6 Gb,PC,portadas/Gas Station SImulator.jpg,,,,
Gatekeeper Interplanetary Store,1.3 Gb,PC,portadas/Gatekeeper Interplanetary Store.jpg,,,,
Gears Of War,5.3 Gb,PC,portadas/Gears Of War.jpg,,,,
Gears of War 4,111.0 Gb,PC,portadas/Gears of War 4.jpg,,,,
Gears of War 5 Hivebusters,106.6 Gb,PC,portadas/Gears of War 5 Hivebusters.jpg,,,,
Gears of War Reloaded,58.5 Gb,PC,portadas/Gears of War Reloaded.jpg,,,,
Ghost of Tsushima,44.0 Gb,PC,portadas/Ghost of Tsushima.jpg,,,,
Ghostboy,1.3 Gb,PC,portadas/Ghostboy.jpg,,,,
Ghostwire Tokyo,15.9 Gb,PC,portadas/Ghostwire Tokyo.jpg,,,,
Gloomwood,1.3 Gb,PC,portadas/Gloomwood.jpg,,,,
Goat Simulator Remastered,12.3 Gb,PC,portadas/Goat Simulator Remastered.jpg,,,,
God of War,30.5 Gb,PC,portadas/God of War.jpg,,,,
God of War Collection,18.2 Gb,PC,portadas/God of War Collection.jpg,,,,
God of War Ragnarok,82.0 Gb,PC,portadas/God of War Ragnarok.jpg,,,,
Going Medieval -,0.3 Gb,PC,portadas/Going Medieval -.jpg,,,,
Gone Fishing,2.8 Gb,PC,portadas/Gone Fishing.jpg,,,,
Gotham Knights Deluxe Edition,41.8 Gb,PC,portadas/Gotham Knights Deluxe Edition.jpg,,,,
Granblue Fantasy Relink,59.7 Gb,PC,portadas/Granblue Fantasy Relink.jpg,,,,
Grand Theft Auto - Vice City 1.1,1.3 Gb,PC,portadas/Grand Theft Auto - Vice City 1.1.jpg,,,,
Grand Theft Auto V Enhanced,88.4 Gb,PC,portadas/Grand Theft Auto V Enhanced.jpg,,,,
Gravity Flip X,9.0 Gb,PC,portadas/Gravity Flip X.jpg,,,,
GreedFall,19.1 Gb,PC,portadas/GreedFall.jpg,,,,
Green Hell,5.2 Gb,PC,portadas/Green Hell.jpg,,,,
Grim Dawn – + 6 DLCs + Multiplayer,5.2 Gb,PC,portadas/Grim Dawn – + 6 DLCs + Multiplayer.jpg,,,,
Grime,2.8 Gb,PC,portadas/Grime.jpg,,,,
GRIS,0.9 Gb,PC,portadas/GRIS.jpg,,,,
Grounded,10.4 Gb,PC,portadas/Grounded.jpg,,,,
Grounded 2,15.6 Gb,PC,portadas/Grounded 2.jpg,,,,
Gt Racing,2.2 Gb,PC,portadas/Gt Racing.jpg,,,,
GTA IV Complete Edition,18.9 Gb,PC,portadas/GTA IV Complete Edition.jpg,,,,
GTA San Andreas 1.01,3.4 Gb,PC,portadas/GTA San Andreas 1.01.jpg,,,,
GTA San Andreas Definitive Edition,17.5 Gb,PC,portadas/GTA San Andreas Definitive Edition.jpg,,,,
GTA Trilogy The Definitive Edition,29.3 Gb,PC,portadas/GTA Trilogy The Definitive Edition.jpg,,,,
GTA V,59.9 Gb,PC,portadas/GTA V.jpg,,,,
GTFO,14.3 Gb,PC,portadas/GTFO.jpg,,,,
Guitar Hero Aerosmith,1.3 Gb,PC,portadas/Guitar Hero Aerosmith.jpg,,,,
Guitar Hero III - Legends of Rock,7.2 Gb,PC,portadas/Guitar Hero III - Legends of Rock.jpg,,,,
Guitar Hero World Tour,6.2 Gb,PC,portadas/Guitar Hero World Tour.jpg,,,,
Gundam Breaker 4 Ultimate Edition Español,9.5 Gb,PC,portadas/Gundam Breaker 4 Ultimate Edition Español.jpg,,,,
GUNHEAD,3.0 Gb,PC,portadas/GUNHEAD.jpg,,,,
Guns Gore and Cannoli,1.5 Gb,PC,portadas/Guns Gore and Cannoli.jpg,,,,
Guns Gore and Cannoli 2,1.3 Gb,PC,portadas/Guns Gore and Cannoli 2.jpg,,,,
Gym Manager,5.0 Gb,PC,portadas/Gym Manager.jpg,,,,
Hades Battle out of Hell ,10.2 Gb,PC,portadas/Hades Battle out of Hell .jpg,,,,
Hades II,6.6 Gb,PC,portadas/Hades II.jpg,,,,
Halo 1 Combat Evolved,0.6 Gb,PC,portadas/Halo 1 Combat Evolved.jpg,,,,
Halo 2,2.5 Gb,PC,portadas/Halo 2.jpg,,,,
Halo Infinite,41.7 Gb,PC,portadas/Halo Infinite.jpg,,,,
Halo Master Chief Collection,102.5 Gb,PC,portadas/Halo Master Chief Collection.jpg,,,,
Halo Wars Definitive Edition,9.3 Gb,PC,portadas/Halo Wars Definitive Edition.jpg,,,,
Harry Potter and the Deathly Hallows Collection,10.8 Gb,PC,portadas/Harry Potter and the Deathly Hallows Collection.jpg,,,,
Harry Potter Orden Fenix,3.5 Gb,PC,portadas/Harry Potter Orden Fenix.jpg,,,,
Harry Potter prisionero Azkaban,0.9 Gb,PC,portadas/Harry Potter prisionero Azkaban.jpg,,,,
Harry Potter y el Caliz de Fuego,1.3 Gb,PC,portadas/Harry Potter y el Caliz de Fuego.jpg,,,,
Harry Potter y El Misterio Del Principe,1.6 Gb,PC,portadas/Harry Potter y El Misterio Del Principe.jpg,,,,
Harry Potter Y La Piedra Filosofal,0.5 Gb,PC,portadas/Harry Potter Y La Piedra Filosofal.jpg,,,,
Have a Nice Death,1.1 Gb,PC,portadas/Have a Nice Death.jpg,,,,
heading out,9.5 Gb,PC,portadas/heading out.jpg,,,,
Hearts of Iron IV,4.1 Gb,PC,portadas/Hearts of Iron IV.jpg,,,,
Heavy Rain,35.4 Gb,PC,portadas/Heavy Rain.jpg,,,,
Hell is Us,19.2 Gb,PC,portadas/Hell is Us.jpg,,,,true
Hellblade II,43.7 Gb,PC,portadas/Hellblade II.jpg,,,,
Hellblade Senua's Sacrifice Enhanced Edition,8.1 Gb,PC,portadas/Hellblade Senua's Sacrifice Enhanced Edition.jpg,,,,
Hellbreach Vegas Español,4.8 Gb,PC,portadas/Hellbreach Vegas Español.jpg,,,,
Hello Neighbor,4.8 Gb,PC,portadas/Hello Neighbor.jpg,,,,
Hello Neighbor 2,4.0 Gb,PC,portadas/Hello Neighbor 2.jpg,,,,
Heroes Of Eternal Quest,3.7 Gb,PC,portadas/Heroes Of Eternal Quest.jpg,,,,
Heros Adventure Her Vanishing Silhouette,1.9 Gb,PC,portadas/Heros Adventure Her Vanishing Silhouette.jpg,,,,
High On Life,44.0 Gb,PC,portadas/High On Life.jpg,,,,
Himegashima Island,1.1 Gb,PC,portadas/Himegashima Island.jpg,,,,
Hirogami,2.4 Gb,PC,portadas/Hirogami.jpg,,,,
Hitman 2 New York,46.8 Gb,PC,portadas/Hitman 2 New York.jpg,,,,
Hitman 2 New York Gold Edition,59.7 Gb,PC,portadas/Hitman 2 New York Gold Edition.jpg,,,,
Hitman 2 Silent Assassin,0.5 Gb,PC,portadas/Hitman 2 Silent Assassin.jpg,,,,
Hitman 3 Ambrose Island,61.2 Gb,PC,portadas/Hitman 3 Ambrose Island.jpg,,,,
Hitman Absolution Professional Edition,16.9 Gb,PC,portadas/Hitman Absolution Professional Edition.jpg,,,,
Hitman Blood Money 1.2,3.8 Gb,PC,portadas/Hitman Blood Money 1.2.jpg,,,,
Hitman Codigo 47,0.3 Gb,PC,portadas/Hitman Codigo 47.jpg,,,,
Hitman Contracts,0.8 Gb,PC,portadas/Hitman Contracts.jpg,,,,
Hitman Game of the Year Edition,24.4 Gb,PC,portadas/Hitman Game of the Year Edition.jpg,,,,
Hitman Go Definitive Edition,1.3 Gb,PC,portadas/Hitman Go Definitive Edition.jpg,,,,
Hogwarts Legacy Deluxe Edition,70.0 Gb,PC,portadas/Hogwarts Legacy Deluxe Edition.jpg,,,,
Hollow Knight Godmaster,2.4 Gb,PC,portadas/Hollow Knight Godmaster.jpg,,,,
Hollow Knight Silksong,2.2 Gb,PC,portadas/Hollow Knight Silksong.jpg,,,,true
Hollowbody,7.3 Gb,PC,portadas/Hollowbody.jpg,,,,
Homefront The Revolution,57.8 Gb,PC,portadas/Homefront The Revolution.jpg,,,,
Homeseek,4.3 Gb,PC,portadas/Homeseek.jpg,,,,
Horizon Forbidden West Complete Edition,95.5 Gb,PC,portadas/Horizon Forbidden West Complete Edition.jpg,,,,
Horizon Zero Dawn Complete Edition,68.7 Gb,PC,portadas/Horizon Zero Dawn Complete Edition.jpg,,,,
Horizon Zero Dawn Remastered,94.0 Gb,PC,portadas/Horizon Zero Dawn Remastered.jpg,,,,
hot lap racing,20.5 Gb,PC,portadas/hot lap racing.jpg,,,,
Hotel Business Simulator,2.5 Gb,PC,portadas/Hotel Business Simulator.jpg,,,,
Hotel Owner Simulator,6.5 Gb,PC,portadas/Hotel Owner Simulator.jpg,,,,
Hotel Renovator,22.6 Gb,PC,portadas/Hotel Renovator.jpg,,,,
House Flipper,6.6 Gb,PC,portadas/House Flipper.jpg,,,,
House Flipper 2,7.6 Gb,PC,portadas/House Flipper 2.jpg,,,,
I AM Your Beast,1.4 Gb,PC,portadas/I AM Your Beast.jpg,,,,
Icarus,32.0 Gb,PC,portadas/Icarus.jpg,,,,
Ice Age Scrats Nutty Adventure,7.7 Gb,PC,portadas/Ice Age Scrats Nutty Adventure.jpg,,,,
Immortals Fenyx Rising,26.4 Gb,PC,portadas/Immortals Fenyx Rising.jpg,,,,
Imperator Rome,2.9 Gb,PC,portadas/Imperator Rome.jpg,,,,
In Nightmare,8.2 Gb,PC,portadas/In Nightmare.jpg,,,,
Indiana Jones and the Great Circle,105.3 Gb,PC,portadas/Indiana Jones and the Great Circle.jpg,,,,
Indika,15.4 Gb,PC,portadas/Indika.jpg,,,,
Inside,2.3 Gb,PC,portadas/Inside.jpg,,,,
Inzoi Early Access,28.6 Gb,PC,portadas/Inzoi Early Access.jpg,,,,
It Takes Two,27.4 Gb,PC,portadas/It Takes Two.jpg,,,,
Jeepney Simulator 2 5 4,2.1 Gb,PC,portadas/Jeepney Simulator 2 5 4.jpg,,,,
Journey,1.4 Gb,PC,portadas/Journey.jpg,,,,
Journey to the Savage Planet,4.4 Gb,PC,portadas/Journey to the Savage Planet.jpg,,,,
Jujutsu Kaisen Cursed Clash,9.9 Gb,PC,portadas/Jujutsu Kaisen Cursed Clash.jpg,,,,
Jump Force Ultimate Edition,10.5 Gb,PC,portadas/Jump Force Ultimate Edition.jpg,,,,
Jurassic World Evolution 2,8.0 Gb,PC,portadas/Jurassic World Evolution 2.jpg,,,,
Jusant,2.9 Gb,PC,portadas/Jusant.jpg,,,,
Just Cause,6.3 Gb,PC,portadas/Just Cause.jpg,,,,
Just Cause 2,3.7 Gb,PC,portadas/Just Cause 2.jpg,,,,
Just Cause 3,60.4 Gb,PC,portadas/Just Cause 3.jpg,,,,
Just Cause 4 Complete Edition,28.9 Gb,PC,portadas/Just Cause 4 Complete Edition.jpg,,,,
Just Crow Things,1.7 Gb,PC,portadas/Just Crow Things.jpg,,,,
Just.Dance,15.2 Gb,PC,portadas/Just.Dance.jpg,,,,
Kaku Ancient Seal,14.9 Gb,PC,portadas/Kaku Ancient Seal.jpg,,,,
Kena Bridge Of Spirits,19.5 Gb,PC,portadas/Kena Bridge Of Spirits.jpg,,,,
Kenshi,11.3 Gb,PC,portadas/Kenshi.jpg,,,,
Kill Knight Español,4.2 Gb,PC,portadas/Kill Knight Español.jpg,,,,
Killer Instinct,23.2 Gb,PC,portadas/Killer Instinct.jpg,,,,
Killing Floor 3,16.8 Gb,PC,portadas/Killing Floor 3.jpg,,,,
king of the road,0.6 Gb,PC,portadas/king of the road.jpg,,,,
Kingdom Come Deliverance DLC Band of Bastards,56.1 Gb,PC,portadas/Kingdom Come Deliverance DLC Band of Bastards.jpg,,,,
Kingdom Come Deliverance II,77.9 Gb,PC,portadas/Kingdom Come Deliverance II.jpg,,,,
Kingdom Hearts HD 2.8 Final Chapter Prologue,26.2 Gb,PC,portadas/Kingdom Hearts HD 2.8 Final Chapter Prologue.jpg,,,,
Kingdom Hearts III And Re Mind,65.4 Gb,PC,portadas/Kingdom Hearts III And Re Mind.jpg,,,,
Kingdom Rush,1.9 Gb,PC,portadas/Kingdom Rush.jpg,,,,
Kingdom Rush 5 Alliance TD,0.9 Gb,PC,portadas/Kingdom Rush 5 Alliance TD.jpg,,,,
Kingdom Rush Frontiers,0.4 Gb,PC,portadas/Kingdom Rush Frontiers.jpg,,,,
Kingdom Rush Origins,0.4 Gb,PC,portadas/Kingdom Rush Origins.jpg,,,,
Kingdom Rush Vengeance,0.9 Gb,PC,portadas/Kingdom Rush Vengeance.jpg,,,,
Kingdoms of Amalur Re-Reckoning,26.1 Gb,PC,portadas/Kingdoms of Amalur Re-Reckoning.jpg,,,,
Kong Survivor Instinct,6.7 Gb,PC,portadas/Kong Survivor Instinct.jpg,,,,
Kristala,11.8 Gb,PC,portadas/Kristala.jpg,,,,
Kung Fu Panda,7.2 Gb,PC,portadas/Kung Fu Panda.jpg,,,,
L A Noire The Complete Edition ,13.5 Gb,PC,portadas/L A Noire The Complete Edition .jpg,,,,
Last Epoch Beneath Ancien Skies,23.1 Gb,PC,portadas/Last Epoch Beneath Ancien Skies.jpg,,,,
Le Mans Ultimate,30.2 Gb,PC,portadas/Le Mans Ultimate.jpg,,,,
League of Legends,35.4 Gb,PC Online,portadas/League of Legends.jpg,,,,
Learning.Factory,1.9 Gb,PC,portadas/Learning.Factory.jpg,,,,
Left 4 Dead,3.0 Gb,PC,portadas/Left 4 Dead.jpg,,,,
Left 4 Dead 2 ,14.0 Gb,PC,portadas/Left 4 Dead 2.jpg,,,,
Legacy of Kain Soul Reaver 1 y 2 Remastered,8.7 Gb,PC,portadas/Legacy of Kain Soul Reaver 1 y 2 Remastered.jpg,,,,
LEGO DC Super Villains Shazam,18.7 Gb,PC,portadas/LEGO DC Super Villains Shazam.jpg,,,,
LEGO horizon adventures,13.5 Gb,PC,portadas/LEGO horizon adventures.jpg,,,,
LEGO Jurassic World,12.7 Gb,PC,portadas/LEGO Jurassic World.jpg,,,,
LEGO Lord of the Rings,5.4 Gb,PC,portadas/LEGO Lord of the Rings.jpg,,,,
LEGO NINJAGO Movie Video Game,16.4 Gb,PC,portadas/LEGO NINJAGO Movie Video Game.jpg,,,,
LEGO Pirates of the Caribbean,7.2 Gb,PC,portadas/LEGO Pirates of the Caribbean.jpg,,,,
LEGO Star Wars The Skywalker Saga,29.7 Gb,PC,portadas/LEGO Star Wars The Skywalker Saga.jpg,,,,
Leila,1.2 Gb,PC,portadas/Leila.jpg,,,,
Lies of P ,26.2 Gb,PC,portadas/Lies of P .jpg,,,,
Life Is Strange,10.6 Gb,PC,portadas/Life Is Strange.jpg,,,,
Life is Strange 2,24.0 Gb,PC,portadas/Life is Strange 2.jpg,,,,
Life Is Strange Before The Storm Complete Edition,13.4 Gb,PC,portadas/Life Is Strange Before The Storm Complete Edition.jpg,,,,
Life is Strange Double Exposure,23.0 Gb,PC,portadas/Life is Strange Double Exposure.jpg,,,,
Life is Strange True Colors,20.9 Gb,PC,portadas/Life is Strange True Colors.jpg,,,,
Limbo,0.2 Gb,PC,portadas/Limbo.jpg,,,,
Little Known Galaxy 0 7,1.2 Gb,PC,portadas/Little Known Galaxy 0 7.jpg,,,,
Little Nightmares,4.1 Gb,PC,portadas/Little Nightmares.jpg,,,,
Little Nightmares II,5.2 Gb,PC,portadas/Little Nightmares II.jpg,,,,
Lollipop Chainsaw Repop Español,12.6 Gb,PC,portadas/Lollipop Chainsaw Repop Español.jpg,,,,
London The Official Video Game of the Olympic Games,2.8 Gb,PC,portadas/London The Official Video Game of the Olympic Games.jpg,,,,
Long Gone Days,2.5 Gb,PC,portadas/Long Gone Days.jpg,,,,
Looney Tunes Wacky World of Sports,3.0 Gb,PC,portadas/Looney Tunes Wacky World of Sports.jpg,,,,
Lord of the Rings War in the North,7.2 Gb,PC,portadas/Lord of the Rings War in the North.jpg,,,,
Lords of the Fallen 2,32.8 Gb,PC,portadas/Lords of the Fallen 2.jpg,,,,
Lords of The Fallen Game of The Year Edition,16.5 Gb,PC,portadas/Lords of The Fallen Game of The Year Edition.jpg,,,,
Los Pitufos 2 El Prisionero De La Piedra Verde,8.5 Gb,PC,portadas/Los Pitufos 2 El Prisionero De La Piedra Verde.jpg,,,,
Los Pitufos Dreams,3.2 Gb,PC,portadas/Los Pitufos Dreams.jpg,,,,
Los Pitufos Village Party,1.3 Gb,PC,portadas/Los Pitufos Village Party.jpg,,,,
Los Sims 3,5.6 Gb,PC,portadas/Los Sims 3.jpg,,,,
Los Sims 4,46.5 Gb,PC,portadas/Los Sims 4.jpg,,,,
Los Sims Stories Collection,2.8 Gb,PC,portadas/Los Sims Stories Collection.jpg,,,,
Lost Planet 3,22.6 Gb,PC,portadas/Lost Planet 3.jpg,,,,
Lost Planet Extreme Condition,7.1 Gb,PC,portadas/Lost Planet Extreme Condition.jpg,,,,
Lost Records Bloom And Rage,40.1 Gb,PC,portadas/Lost Records Bloom And Rage.jpg,,,,
Lost Soul Aside Proper,59.4 Gb,PC,portadas/Lost Soul Aside Proper.jpg,,,,
Love&sex-24.4.0a,2.2 Gb,PC,portadas/Love&sex-24.4.0a.jpg,,,,
Lumione,3.7 Gb,PC,portadas/Lumione.jpg,,,,
Mad Max,4.9 Gb,PC,portadas/Mad Max.jpg,,,,
Madagascar,0.7 Gb,PC,portadas/Madagascar.jpg,,,,
MADNESS Project Nexus,3.2 Gb,PC,portadas/MADNESS Project Nexus.jpg,,,,
Mafia,1.6 Gb,PC,portadas/Mafia.jpg,,,,
Mafia Definitive Edition,13.0 Gb,PC,portadas/Mafia Definitive Edition.jpg,,,,
Mafia II,9.1 Gb,PC,portadas/Mafia II.jpg,,,,
Mafia II Definitive Edition,14.0 Gb,PC,portadas/Mafia II Definitive Edition.jpg,,,,
Mafia III Definitive Edition,55.7 Gb,PC,portadas/Mafia III Definitive Edition.jpg,,,,
Magicka 2 Ice Death And Fury,2.9 Gb,PC,portadas/Magicka 2 Ice Death And Fury.jpg,,,,
Major League Baseball 2K12,7.5 Gb,PC,portadas/Major League Baseball 2K12.jpg,,,,
Mandragora Whispers Of The Witch Tree,15.7 Gb,PC,portadas/Mandragora Whispers Of The Witch Tree.jpg,,,,
Maneater Apex Edition,10.2 Gb,PC,portadas/Maneater Apex Edition.jpg,,,,
Manor Lords Early Access,12.1 Gb,PC,portadas/Manor Lords Early Access.jpg,,,,
Mari And Bayu The Road Home,1.5 Gb,PC,portadas/Mari And Bayu The Road Home.jpg,,,,
MARK OF THE NINJA,1.8 Gb,PC,portadas/MARK OF THE NINJA.jpg,,,,
MARS 2120,5.1 Gb,PC,portadas/MARS 2120.jpg,,,,
Marsupilami Hoobadventure,1.5 Gb,PC,portadas/Marsupilami Hoobadventure.jpg,,,,
Martha Is Dead,16.5 Gb,PC,portadas/Martha Is Dead.jpg,,,,
Marvel Avengers,64.9 Gb,PC,portadas/Marvel Avengers.jpg,,,,
Marvel Spider Man Remastered,56.0 Gb,PC,portadas/Marvel Spider Man Remastered.jpg,,,,
Marvel vs Capcom Fighting Collection Arcade Classics,3.3 Gb,PC,portadas/Marvel vs Capcom Fighting Collection Arcade Classics.jpg,,,,
Marvels Guardians of the Galaxy,37.7 Gb,PC,portadas/Marvels Guardians of the Galaxy.jpg,,,,
Marvels Spider Man 2 Deluxe Edition,98.9 Gb,PC,portadas/Marvels Spider Man 2 Deluxe Edition.jpg,,,,
Marvels SpiderMan Miles Morales,40.2 Gb,PC,portadas/Marvels SpiderMan Miles Morales.jpg,,,,
Mass Effect 1 Ultimate Edition,9.2 Gb,PC,portadas/Mass Effect 1 Ultimate Edition.jpg,,,,
Mass Effect 2 Ultimate Edition,10.7 Gb,PC,portadas/Mass Effect 2 Ultimate Edition.jpg,,,,
Mass Effect 3 Collector's Edition,22.7 Gb,PC,portadas/Mass Effect 3 Collector's Edition.jpg,,,,
Mass Effect Andromeda,61.8 Gb,PC,portadas/Mass Effect Andromeda.jpg,,,,
Max Payne,1.4 Gb,PC,portadas/Max Payne.jpg,,,,
Max Payne 2 The Fall of Max Payne,2.0 Gb,PC,portadas/Max Payne 2 The Fall of Max Payne.jpg,,,,
Max Payne 3 Complete Edition,14.2 Gb,PC,portadas/Max Payne 3 Complete Edition.jpg,,,,
Max The Curse of Brotherhood,1.5 Gb,PC,portadas/Max The Curse of Brotherhood.jpg,,,,
MechWarrior 5 Clans,65.1 Gb,PC,portadas/MechWarrior 5 Clans.jpg,,,,
Medal Of Honor Allied Assault Incl DLC,2.4 Gb,PC,portadas/Medal Of Honor Allied Assault Incl DLC.jpg,,,,
Medal of Honor L.E,7.9 Gb,PC,portadas/Medal of Honor L.E.jpg,,,,
Medal Of Honor Pacific Assault,3.0 Gb,PC,portadas/Medal Of Honor Pacific Assault.jpg,,,,
Medal of Honor Warfighter,17.6 Gb,PC,portadas/Medal of Honor Warfighter.jpg,,,,
Medieval Total WAR 2,7.3 Gb,PC,portadas/Medieval Total WAR 2.jpg,,,,
Mega Man X Dive Offline,2.2 Gb,PC,portadas/Mega Man X Dive Offline.jpg,,,,
MEGATON MUSASHI W,44.3 Gb,PC,portadas/MEGATON MUSASHI W.jpg,,,,
Mekazoo,7.3 Gb,PC,portadas/Mekazoo.jpg,,,,
Men of War Assault Squad 2 DLC Ostfront Veteranen,3.5 Gb,PC,portadas/Men of War Assault Squad 2 DLC Ostfront Veteranen.jpg,,,,
Men Of War II,21.3 Gb,PC,portadas/Men Of War II.jpg,,,,
Mercenaries 2 World in Flames,3.6 Gb,PC,portadas/Mercenaries 2 World in Flames.jpg,,,,
MerFight,1.1 Gb,PC,portadas/MerFight.jpg,,,,
Metal Eden,20.8 Gb,PC,portadas/Metal Eden.jpg,,,,true
METAL GEAR RISING REVENGEANCE,24.0 Gb,PC,portadas/METAL GEAR RISING REVENGEANCE.jpg,,,,
Metal Gear Solid Delta Snake Eater Deluxe Edition,73.7 Gb,PC,portadas/Metal Gear Solid Delta Snake Eater Deluxe Edition.jpg,,,,true
Metal Gear Solid Master Collection Vol.1,23.1 Gb,PC,portadas/Metal Gear Solid Master Collection Vol.1.jpg,,,,
Metal Gear Solid V Ground Zeroes,6.2 Gb,PC,portadas/Metal Gear Solid V Ground Zeroes.jpg,,,,
Metal Gear Solid V The Phantom Pain,28.6 Gb,PC,portadas/Metal Gear Solid V The Phantom Pain.jpg,,,,
Metaphor ReFantazio,27.8 Gb,PC,portadas/Metaphor ReFantazio.jpg,,,,
Metro Exodus,50.8 Gb,PC,portadas/Metro Exodus.jpg,,,,
Metro Last Light Redux,10.1 Gb,PC,portadas/Metro Last Light Redux.jpg,,,,
Metro Redux,8.1 Gb,PC,portadas/Metro Redux.jpg,,,,
Mexico A Deep Slumber,8.8 Gb,PC,"portadas/Mexico A Deep Slumber.jpg""",,,,
Microsoft Flight Simulator,74.8 Gb,PC,portadas/Microsoft Flight Simulator.jpg,,,,
Middle Earth Shadow Of Mordor Game Of The Year Edition,53.4 Gb,PC,portadas/Middle Earth Shadow Of Mordor Game Of The Year Edition.jpg,,,,
Middle Earth Shadow Of War Definitive Edition,105.1 Gb,PC,portadas/Middle Earth Shadow Of War Definitive Edition.jpg,,,,
Mika And The Witchs Mountain Early Access,1.5 Gb,PC,portadas/Mika And The Witchs Mountain Early Access.jpg,,,,
Milfy City Final Edition,9.2 Gb,PC,portadas/Milfy City Final Edition.jpg,,,,
Millennia,3.9 Gb,PC,portadas/Millennia.jpg,,,,
Mind Over Magic,2.6 Gb,PC,portadas/Mind Over Magic.jpg,,,,
MindsEye,41.3 Gb,PC,portadas/MindsEye.jpg,,,,
Minecraft 1.21,1.6 Gb,PC,portadas/Minecraft 1.21.jpg,,,,
Minecraft Dungeons Ultimate Edition,2.0 Gb,PC,portadas/Minecraft Dungeons Ultimate Edition.jpg,,,,
Minecraft Legends,7.5 Gb,PC,portadas/Minecraft Legends.jpg,,,,
Mirror's Edge Catalyst,20.8 Gb,PC,portadas/Mirror's Edge Catalyst.jpg,,,,
MiSide,2.3 Gb,PC,portadas/MiSide.jpg,,,,
MLB 2KCuba20,2.9 Gb,PC,portadas/MLB 2KCuba20.jpg,,,,
Monster Hunter Rise Sunbreak,33.0 Gb,PC,portadas/Monster Hunter Rise Sunbreak.jpg,,,,
Monster Hunter Stories,8.6 Gb,PC,portadas/Monster Hunter Stories.jpg,,,,
Monster Hunter Stories 2 Wings of Ruin,11.6 Gb,PC,portadas/Monster Hunter Stories 2 Wings of Ruin.jpg,,,,
Monster Hunter World Deluxe Edition,39.6 Gb,PC,portadas/Monster Hunter World Deluxe Edition.jpg,,,,
Monster Hunter World Iceborne,98.7 Gb,PC,portadas/Monster Hunter World Iceborne.jpg,,,,
monster jam showdown,13.2 Gb,PC,portadas/monster jam showdown.jpg,,,,
Moo Lander,1.9 Gb,PC,portadas/Moo Lander.jpg,,,,
Morbid The Lords of Ire,12.2 Gb,PC,portadas/Morbid The Lords of Ire.jpg,,,,
Mortal Kombat,0.0 Gb,PC,portadas/Mortal Kombat.jpg,,,,
Mortal Kombat 11 Ultimate Edition,92.6 Gb,PC,portadas/Mortal Kombat 11 Ultimate Edition.jpg,,,,
Mortal Kombat 2,0.0 Gb,PC,portadas/Mortal Kombat 2.jpg,,,,
Mortal Kombat 3,0.1 Gb,PC,portadas/Mortal Kombat 3.jpg,,,,
Mortal Kombat 4,0.4 Gb,PC,portadas/Mortal Kombat 4.jpg,,,,
Mortal Kombat Komplete Edition,9.4 Gb,PC,portadas/Mortal Kombat Komplete Edition.jpg,,,,
Mortal Kombat Trilogy Enhanced Edition,0.0 Gb,PC,portadas/Mortal Kombat Trilogy Enhanced Edition.jpg,,,,
Mortal Kombat XL,38.9 Gb,PC,portadas/Mortal Kombat XL.jpg,,,,
Mortal Shell The Virtuous Cycle,8.3 Gb,PC,portadas/Mortal Shell The Virtuous Cycle.jpg,,,,
Mortal Sin Pc Game,2.1 Gb,PC,portadas/Mortal Sin Pc Game.jpg,,,,
Motel Manager Simulator,2.2 Gb,PC,portadas/Motel Manager Simulator.jpg,,,,
Moto GP 24,13.5 Gb,PC,portadas/Moto GP 24.jpg,,,,
Moto GP 25,23.4 Gb,PC,portadas/Moto GP 25.jpg,,,,
Motorcycle Mechanic Simulator,12.8 Gb,PC,portadas/Motorcycle Mechanic Simulator.jpg,,,,
Mount & Blade Warband,0.6 Gb,PC,portadas/Mount & Blade Warband.jpg,,,,
Mount & Blade With Fire & Sword,0.8 Gb,PC,portadas/Mount & Blade With Fire & Sword.jpg,,,,
Mount and Blade Complete Collection,2.5 Gb,PC,portadas/Mount and Blade Complete Collection.jpg,,,,
Mount and Blade II Bannerlord,32.6 Gb,PC,portadas/Mount and Blade II Bannerlord.jpg,,,,
Mount and Blade Warband Viking Conquest,2.7 Gb,PC,portadas/Mount and Blade Warband Viking Conquest.jpg,,,,
Moving Out 2,1.0 Gb,PC,portadas/Moving Out 2.jpg,,,,
MudRunner - Old-Timers,3.0 Gb,PC,portadas/MudRunner - Old-Timers.jpg,,,,
MVP Baseball Version Español,1.4 Gb,PC,portadas/MVP Baseball Version Español.jpg,,,,
MVP CUBA Oricha,1.6 Gb,PC,portadas/MVP CUBA Oricha.jpg,,,,
MX vs ATV Legends,15.7 Gb,PC,portadas/MX vs ATV Legends.jpg,,,,
My Dream Setup Complete Edition,3.0 Gb,PC,portadas/My Dream Setup Complete Edition.jpg,,,,
My Horse Bonded Spirits,8.1 Gb,PC,portadas/My Horse Bonded Spirits.jpg,,,,
My Lovely Empress,1.6 Gb,PC,portadas/My Lovely Empress.jpg,,,,
My Summer Car v,0.3 Gb,PC,portadas/My Summer Car v.jpg,,,,
My Time at Sandrock,20.8 Gb,PC,portadas/My Time at Sandrock.jpg,,,,
Mysteria Occult Shadows,13.1 Gb,PC,portadas/Mysteria Occult Shadows.jpg,,,,
Narco Terror,1.1 Gb,PC,portadas/Narco Terror.jpg,,,,
Naruto Shippuden Ultimate Ninja Storm,6.5 Gb,PC,portadas/Naruto Shippuden Ultimate Ninja Storm.jpg,,,,
Naruto Shippuden Ultimate Ninja Storm 2,6.7 Gb,PC,portadas/Naruto Shippuden Ultimate Ninja Storm 2.jpg,,,,
Naruto Shippuden Ultimate Ninja Storm 3,7.2 Gb,PC,portadas/Naruto Shippuden Ultimate Ninja Storm 3.jpg,,,,
Naruto Shippuden Ultimate Ninja Storm 4 Next Generations,37.4 Gb,PC,portadas/Naruto Shippuden Ultimate Ninja Storm 4 Next Generations.jpg,,,,
Naruto X Boruto Ultimate Ninja Storm Connections,24.3 Gb,PC,portadas/Naruto X Boruto Ultimate Ninja Storm Connections.jpg,,,,
NBA 2K16,45.2 Gb,PC,portadas/NBA 2K16.jpg,,,,
NBA 2k23,74.9 Gb,PC,portadas/NBA 2k23.jpg,,,,
Need for Speed - Most Wanted Rework,10.1 Gb,PC,portadas/Need for Speed - Most Wanted Rework.jpg,,,,
Need For Speed Carbon,4.0 Gb,PC,portadas/Need For Speed Carbon.jpg,,,,
Need For Speed Heat,30.8 Gb,PC,portadas/Need For Speed Heat.jpg,,,,
Need for Speed Hot Pursuit 1.0.5.0,4.9 Gb,PC,portadas/Need for Speed Hot Pursuit 1.0.5.0.jpg,,,,
Need for Speed Hot Pursuit 2,0.3 Gb,PC,portadas/Need for Speed Hot Pursuit 2.jpg,,,,
Need For Speed Most Wanted,2.0 Gb,PC,portadas/Need For Speed Most Wanted.jpg,,,,
Need For Speed Most Wanted Limited Edition 2,7.4 Gb,PC,portadas/Need For Speed Most Wanted Limited Edition 2.jpg,,,,
Need for Speed Most Wanted Remastered,3.0 Gb,PC,portadas/Need for Speed Most Wanted Remastered.jpg,,,,
Need For Speed Payback Deluxe Edition,27.6 Gb,PC,portadas/Need For Speed Payback Deluxe Edition.jpg,,,,
Need for Speed Porsche Unleashed,0.6 Gb,PC,portadas/Need for Speed Porsche Unleashed.jpg,,,,
Need For Speed Pro Street,3.8 Gb,PC,portadas/Need For Speed Pro Street.jpg,,,,
Need For Speed Rivals,8.2 Gb,PC,portadas/Need For Speed Rivals.jpg,,,,
Need For Speed Shift 2 Unleashed Limited Edition 1.0.2.0,5.5 Gb,PC,portadas/Need For Speed Shift 2 Unleashed Limited Edition 1.0.2.0.jpg,,,,
Need for Speed The Run,15.7 Gb,PC,portadas/Need for Speed The Run.jpg,,,,
Need for Speed Undercover bajar,0.0 Gb,PC,portadas/Need for Speed Undercover bajar.jpg,,,,
Need for Speed Underground,0.8 Gb,PC,portadas/Need for Speed Underground.jpg,,,,
Need for Speed Underground 2,1.3 Gb,PC,portadas/Need for Speed Underground 2.jpg,,,,
Neighbours From Hell Compilation Español,1.2 Gb,PC,portadas/Neighbours From Hell Compilation Español.jpg,,,,
Neon White,1.6 Gb,PC,portadas/Neon White.jpg,,,,
Neva,5.7 Gb,PC,portadas/Neva.jpg,,,,
Never Alone,2.7 Gb,PC,portadas/Never Alone.jpg,,,,
Never Alone Artic Collection,1.8 Gb,PC,portadas/Never Alone Artic Collection.jpg,,,,
New Tales from the Borderlands,27.6 Gb,PC,portadas/New Tales from the Borderlands.jpg,,,,
Nickelodeon All-Star Brawl 2,3.4 Gb,PC,portadas/Nickelodeon All-Star Brawl 2.jpg,,,,
Nickelodeon Kart Racers 3 Slime Speedway,8.1 Gb,PC,portadas/Nickelodeon Kart Racers 3 Slime Speedway.jpg,,,,
NieR Automata Game of the YoRHa,27.8 Gb,PC,portadas/NieR Automata Game of the YoRHa.jpg,,,,
Nikoderiko,11.6 Gb,PC,portadas/Nikoderiko.jpg,,,,
Nine Parchments Astral Challenges,5.6 Gb,PC,portadas/Nine Parchments Astral Challenges.jpg,,,,
Nine Sols Battle Memories,3.9 Gb,PC,portadas/Nine Sols Battle Memories.jpg,,,,
ninja brigade feat jonah weingarten,0.9 Gb,PC,portadas/ninja brigade feat jonah weingarten.jpg,,,,
Ninja five o,1.3 Gb,PC,portadas/Ninja five o.jpg,,,,
Ninja Gaiden 2 Black,79.8 Gb,PC,portadas/Ninja Gaiden 2 Black.jpg,,,,
Ninja Gaiden Master Collection,12.2 Gb,PC,portadas/Ninja Gaiden Master Collection.jpg,,,,
Nioh,50.3 Gb,PC,portadas/Nioh.jpg,,,,
Nioh 2 The Complete Edition,61.6 Gb,PC,portadas/Nioh 2 The Complete Edition.jpg,,,,
No Man's Sky Synthesis,8.4 Gb,PC,portadas/No Man's Sky Synthesis.jpg,,,,
No Mans Sky,20.3 Gb,PC,portadas/No Mans Sky.jpg,,,,
No Mans Sky BEYOND,8.6 Gb,PC,portadas/No Mans Sky BEYOND.jpg,,,,
No Rest for the Wicked,34.4 Gb,PC,portadas/No Rest for the Wicked.jpg,,,,
Nobody Wants to Die,24.6 Gb,PC,portadas/Nobody Wants to Die.jpg,,,,
Noita Español,1.6 Gb,PC,portadas/Noita Español.jpg,,,,
Obscure Learn about Fear,2.8 Gb,PC,portadas/Obscure Learn about Fear.jpg,,,,
Ocean Keeper Dome Survival,1.6 Gb,PC,portadas/Ocean Keeper Dome Survival.jpg,,,,
Octopath Traveler I,2.8 Gb,PC,portadas/Octopath Traveler I.jpg,,,,
Octopath Traveler II,6.5 Gb,PC,portadas/Octopath Traveler II.jpg,,,,
Oddworld Soulstorm,9.2 Gb,PC,portadas/Oddworld Soulstorm.jpg,,,,
Olympic Games Tokyo The Official Video Game,7.5 Gb,PC,portadas/Olympic Games Tokyo The Official Video Game.jpg,,,,
One More Night,14.6 Gb,PC,portadas/One More Night.jpg,,,,
One Piece Odyssey,29.5 Gb,PC,portadas/One Piece Odyssey.jpg,,,,
One Piece Pirate Warriors 3,10.5 Gb,PC,portadas/One Piece Pirate Warriors 3.jpg,,,,
One Piece Pirate Warriors 4,20.1 Gb,PC,portadas/One Piece Pirate Warriors 4.jpg,,,,
Only Up,4.6 Gb,PC,portadas/Only Up.jpg,,,,
Only Up 2,6.1 Gb,PC,portadas/Only Up 2.jpg,,,,
Open Country,9.1 Gb,PC,portadas/Open Country.jpg,,,,
Operation Polygon Storm,1.2 Gb,PC,portadas/Operation Polygon Storm.jpg,,,,
Orcs Must Die Deathtrap 1.1.2,8.3 Gb,PC,portadas/Orcs Must Die Deathtrap 1.1.2.jpg,,,,
Ori And The Blind Forest Definitive Edition,5.4 Gb,PC,portadas/Ori And The Blind Forest Definitive Edition.jpg,,,,
Ori And The Will Of The Wisps,15.4 Gb,PC,portadas/Ori And The Will Of The Wisps.jpg,,,,
Oriental Valley,12.6 Gb,PC,portadas/Oriental Valley.jpg,,,,
Otherworld Legends,1.7 Gb,PC,portadas/Otherworld Legends.jpg,,,,
Outcast A New Beginning,33.6 Gb,PC,portadas/Outcast A New Beginning.jpg,,,,
Outer Wilds,2.0 Gb,PC,portadas/Outer Wilds.jpg,,,,
Outlast,3.6 Gb,PC,portadas/Outlast.jpg,,,,
Outlast 2,17.2 Gb,PC,portadas/Outlast 2.jpg,,,,
Overcooked 2 Night of the Hangry Horde,4.4 Gb,PC,portadas/Overcooked 2 Night of the Hangry Horde.jpg,,,,
Pacific Drive,10.0 Gb,PC,portadas/Pacific Drive.jpg,,,,
Paleo Pines,1.5 Gb,PC,portadas/Paleo Pines.jpg,,,,
Palworld,26.2 Gb,PC,portadas/Palworld.jpg,,,,
Park Beyond,13.2 Gb,PC,portadas/Park Beyond.jpg,,,,
Pawn Simulator,9.8 Gb,PC,portadas/Pawn Simulator.jpg,,,,
Pax Augusta,17.5 Gb,PC,portadas/Pax Augusta.jpg,,,,
Payday The Heist Complete Español,2.6 Gb,PC,portadas/Payday The Heist Complete Español.jpg,,,,
PC Building Simulator 2,5.5 Gb,PC,portadas/PC Building Simulator 2.jpg,,,,
PC Building Simulator NZXT Workshop Overclocked Edition,13.7 Gb,PC,portadas/PC Building Simulator NZXT Workshop Overclocked Edition.jpg,,,,
Pentiment,4.6 Gb,PC,portadas/Pentiment.jpg,,,,
Persona 5 Strikers,23.3 Gb,PC,portadas/Persona 5 Strikers.jpg,,,,
Phantom Breaker BG Ultimate,1.3 Gb,PC,portadas/Phantom Breaker BG Ultimate.jpg,,,,
Pinball M,7.2 Gb,PC,portadas/Pinball M.jpg,,,,
Piratas del caribe,1.7 Gb,PC,portadas/Piratas del caribe.jpg,,,,
Piratas del Caribe 2 The Legend of Jack Sparrow,3.9 Gb,PC,portadas/Piratas del Caribe 2 The Legend of Jack Sparrow.jpg,,,,
Piratas del Caribe 3 At Worlds End,2.1 Gb,PC,portadas/Piratas del Caribe 3 At Worlds End.jpg,,,,
PixARK,1.4 Gb,PC,portadas/PixARK.jpg,,,,
pixelmon arena,2.8 Gb,PC,portadas/pixelmon arena.jpg,,,,
Police Simulator Patrol Officers,3.1 Gb,PC,portadas/Police Simulator Patrol Officers.jpg,,,,
Portal 2,12.5 Gb,PC,portadas/Portal 2.jpg,,,,
Portal Knights,2.3 Gb,PC,portadas/Portal Knights.jpg,,,,
Power and Revolution Edition ,3.5 Gb,PC,portadas/Power and Revolution Edition .jpg,,,,
Prince of Persia 4,7.8 Gb,PC,portadas/Prince of Persia 4.jpg,,,,
Prince of Persia 5 Las Arenas Olvidadas,5.6 Gb,PC,portadas/Prince of Persia 5 Las Arenas Olvidadas.jpg,,,,
Prison Architect,0.7 Gb,PC,portadas/Prison Architect.jpg,,,,
Pro Evolution Soccer,6.2 Gb,PC,portadas/Pro Evolution Soccer.jpg,,,,
Pro Evolution Soccer2017,10.8 Gb,PC,portadas/Pro Evolution Soccer2017.jpg,,,,
Pro Evolution Soccer5,2.3 Gb,PC,portadas/Pro Evolution Soccer5.jpg,,,,
Project Zomboid,6.6 Gb,PC,portadas/Project Zomboid.jpg,,,,
Prototype,5.1 Gb,PC,portadas/Prototype.jpg,,,,
Prototype 2,11.2 Gb,PC,portadas/Prototype 2.jpg,,,,
PUBG,41.0 Gb,PC Online,portadas/PUBG.jpg,,,,
Pulsar Lost Colony,2.8 Gb,PC,portadas/Pulsar Lost Colony.jpg,,,,
Pure Rock Crawling,5.4 Gb,PC,portadas/Pure Rock Crawling.jpg,,,,
Quantum Break,38.3 Gb,PC,portadas/Quantum Break.jpg,,,,
Race Driver Grid Complete Español,3.0 Gb,PC,portadas/Race Driver Grid Complete Español.jpg,,,,
Rage,19.5 Gb,PC,portadas/Rage.jpg,,,,
Rage 2 Deluxe Edition,58.0 Gb,PC,portadas/Rage 2 Deluxe Edition.jpg,,,,
Rainbow Six Siege,64.9 Gb,PC Online,portadas/Rainbow Six Siege.jpg,,,,
Ranch Simulator ,15.2 Gb,PC,portadas/Ranch Simulator .jpg,,,,
Ratchet and Clank Rift Apart,33.5 Gb,PC,portadas/Ratchet and Clank Rift Apart.jpg,,,,
Ratten Reich,7.0 Gb,PC,portadas/Ratten Reich.jpg,,,,
Ravenbound,5.6 Gb,PC,portadas/Ravenbound.jpg,,,,
Rayman Legends,5.7 Gb,PC,portadas/Rayman Legends.jpg,,,,
Rayman Origins,2.2 Gb,PC,portadas/Rayman Origins.jpg,,,,
Ready or Not,42.8 Gb,PC,portadas/Ready or Not.jpg,,,,
Red Dead Redemption,8.0 Gb,PC,portadas/Red Dead Redemption.jpg,,,,
Red Dead Redemption 2,109.0 Gb,PC,portadas/Red Dead Redemption 2.jpg,,,,
Redacted,9.7 Gb,PC,portadas/Redacted.jpg,,,,
Rematch,6.0 Gb,PC,portadas/Rematch.jpg,,,,
REMEDIUM Sentinels,1.2 Gb,PC,portadas/REMEDIUM Sentinels.jpg,,,,
Remember Me,6.9 Gb,PC,portadas/Remember Me.jpg,,,,
Remnant II,72.9 Gb,PC,portadas/Remnant II.jpg,,,,
remothered broken porcelain,7.4 Gb,PC,portadas/remothered broken porcelain.jpg,,,,
Republic Of Pirates,5.0 Gb,PC,portadas/Republic Of Pirates.jpg,,,,
Resident Evil,0.5 Gb,PC,portadas/Resident Evil.jpg,,,,
Resident Evil 0 HD Remaster,11.5 Gb,PC,portadas/Resident Evil 0 HD Remaster.jpg,,,,
Resident Evil 1 Remake,17.2 Gb,PC,portadas/Resident Evil 1 Remake.jpg,,,,
Resident Evil 2 The Ghost Survivors,24.6 Gb,PC,portadas/Resident Evil 2 The Ghost Survivors.jpg,,,,
Resident Evil 3 Nemesis,0.8 Gb,PC,portadas/Resident Evil 3 Nemesis.jpg,,,,
Resident Evil 3 Remake,22.5 Gb,PC,portadas/Resident Evil 3 Remake.jpg,,,,
Resident Evil 4,2.6 Gb,PC,portadas/Resident Evil 4.jpg,,,,
Resident Evil 4 Remake,56.5 Gb,PC,portadas/Resident Evil 4 Remake.jpg,,,,
Resident Evil 5 Gold Edition,8.5 Gb,PC,portadas/Resident Evil 5 Gold Edition.jpg,,,,
Resident Evil 6 Complete Pack,15.8 Gb,PC,portadas/Resident Evil 6 Complete Pack.jpg,,,,
Resident Evil 7 Biohazard Gold Edition,34.6 Gb,PC,portadas/Resident Evil 7 Biohazard Gold Edition.jpg,,,,
Resident Evil 8 Village Deluxe Edition,35.5 Gb,PC,portadas/Resident Evil 8 Village Deluxe Edition.jpg,,,,
Resident Evil HD Remaster,7.5 Gb,PC,portadas/Resident Evil HD Remaster.jpg,,,,
Resident Evil Revelations 2,9.4 Gb,PC,portadas/Resident Evil Revelations 2.jpg,,,,
Resident Evil Revelations Complete Pack,6.3 Gb,PC,portadas/Resident Evil Revelations Complete Pack.jpg,,,,
Restaurant At The End Of Time,1.7 Gb,PC,portadas/Restaurant At The End Of Time.jpg,,,,
ReThink 5,6.8 Gb,PC,portadas/ReThink 5.jpg,,,,
Return to Castle Wolfenstein,0.6 Gb,PC,portadas/Return to Castle Wolfenstein.jpg,,,,
Returnal,51.1 Gb,PC,portadas/Returnal.jpg,,,,
Revival Recolonization,1.1 Gb,PC,portadas/Revival Recolonization.jpg,,,,
ReZERO The Prophecy of the Throne ,5.7 Gb,PC,portadas/ReZERO The Prophecy of the Throne .jpg,,,,
Ride 4,34.3 Gb,PC,portadas/Ride 4.jpg,,,,
RimWorld,0.6 Gb,PC,portadas/RimWorld.jpg,,,,
Ripout Español,7.6 Gb,PC,portadas/Ripout Español.jpg,,,,
Rise Of The Ronin,65.0 Gb,PC,portadas/Rise Of The Ronin.jpg,,,,
Risen 3 - Titan Lords,4.8 Gb,PC,portadas/Risen 3 - Titan Lords.jpg,,,,
Riven Remake,22.4 Gb,PC,portadas/Riven Remake.jpg,,,,
Roadcraft,28.3 Gb,PC,portadas/Roadcraft.jpg,,,,
RoadCraft Rebuild Edition,21.3 Gb,PC,portadas/RoadCraft Rebuild Edition.jpg,,,,
Robin Hood Builders Sherwood,22.0 Gb,PC,portadas/Robin Hood Builders Sherwood.jpg,,,,
RoboCop Rogue City,38.5 Gb,PC,portadas/RoboCop Rogue City.jpg,,,,
Rocket Rumble,7.1 Gb,PC,portadas/Rocket Rumble.jpg,,,,
RomanTriumph Survival City,4.8 Gb,PC,portadas/RomanTriumph Survival City.jpg,,,,
Ruined King A League of Legends Story,11.9 Gb,PC,portadas/Ruined King A League of Legends Story.jpg,,,,
Rune Factory Guardians Of Azuma,13.0 Gb,PC,portadas/Rune Factory Guardians Of Azuma.jpg,,,,
Runescape Dragonwilds,19.1 Gb,PC,portadas/Runescape Dragonwilds.jpg,,,,
Ryse Son of Rome + Update 3,23.2 Gb,PC,portadas/Ryse Son of Rome + Update 3.jpg,,,,
Sackboy A Big Adventure,18.7 Gb,PC,portadas/Sackboy A Big Adventure.jpg,,,,
Sacred,3.4 Gb,PC,portadas/Sacred.jpg,,,,
Saints Row 4,9.0 Gb,PC,portadas/Saints Row 4.jpg,,,,
Saints Row Doc Ketchums Murder Circus,39.5 Gb,PC,portadas/Saints Row Doc Ketchums Murder Circus.jpg,,,,
Saints Row IV - GotC Edition,4.2 Gb,PC,portadas/Saints Row IV - GotC Edition.jpg,,,,
Saints Row The Thirds,6.2 Gb,PC,portadas/Saints Row The Thirds.jpg,,,,
Saints Row V Reboot,27.7 Gb,PC,portadas/Saints Row V Reboot.jpg,,,,
SAMURAI WARRIORS 4 DX,21.6 Gb,PC,portadas/SAMURAI WARRIORS 4 DX.jpg,,,,
SAND LAND,14.7 Gb,PC,portadas/SAND LAND.jpg,,,,
Sands Of Aura,19.7 Gb,PC,portadas/Sands Of Aura.jpg,,,,
Satisfactory,12.5 Gb,PC,portadas/Satisfactory.jpg,,,,
Scars Above,15.1 Gb,PC,portadas/Scars Above.jpg,,,,
Schedule I .0f5,2.1 Gb,PC,portadas/Schedule I .0f5.jpg,,,,
Scorn Deluxe Edition,13.0 Gb,PC,portadas/Scorn Deluxe Edition.jpg,,,,
SCUM,26.4 Gb,PC,portadas/SCUM.jpg,,,,
section.13,3.3 Gb,PC,portadas/section.13.jpg,,,,
Sekiro Shadows Die Twice,24.2 Gb,PC,portadas/Sekiro Shadows Die Twice.jpg,,,,
Selfloss,1.8 Gb,PC,portadas/Selfloss.jpg,,,,
Sengoku Dynasty,8.4 Gb,PC,portadas/Sengoku Dynasty.jpg,,,,
Serious Sam 3 BFE,4.5 Gb,PC,portadas/Serious Sam 3 BFE.jpg,,,,
Serious Sam 4 Deluxe Edition,26.6 Gb,PC,portadas/Serious Sam 4 Deluxe Edition.jpg,,,,
serke,2.2 Gb,PC,portadas/serke.jpg,,,,
Shadow Warrior 3 Digital Deluxe Edition,16.2 Gb,PC,portadas/Shadow Warrior 3 Digital Deluxe Edition.jpg,,,,
Sherlock Holmes The Awakened Remake,25.8 Gb,PC,portadas/Sherlock Holmes The Awakened Remake.jpg,,,,
Shing,2.9 Gb,PC,portadas/Shing.jpg,,,,
Sid Meier's Civilization V Complete Edition,5.7 Gb,PC,portadas/Sid Meier's Civilization V Complete Edition.jpg,,,,
Sid Meier's Civilization VI Gathering Storm,11.4 Gb,PC,portadas/Sid Meier's Civilization VI Gathering Storm.jpg,,,,
Sifu Deluxe Edition,13.7 Gb,PC,portadas/Sifu Deluxe Edition.jpg,,,,
Silent Hill 2,1.8 Gb,PC,portadas/Silent Hill 2.jpg,,,,
Silent Hill 2 Remake,34.0 Gb,PC,portadas/Silent Hill 2 Remake.jpg,,,,
Silent Hill 3,2.7 Gb,PC,portadas/Silent Hill 3.jpg,,,,
Simrail The Railway Simulator,56.3 Gb,PC,portadas/Simrail The Railway Simulator.jpg,,,,
Slay The Princess The Pristine Cut ,12.2 Gb,PC,portadas/Slay The Princess The Pristine Cut.jpg,,,,
Sleeping Dogs Definitive Edition,8.2 Gb,PC,portadas/Sleeping Dogs Definitive Edition.jpg,,,,
Slime Isekai Chronicles,5.8 Gb,PC,portadas/Slime Isekai Chronicles.jpg,,,,
Slime Rancher,0.6 Gb,PC,portadas/Slime Rancher.jpg,,,,
Slime Rancher 2,2.6 Gb,PC,portadas/Slime Rancher 2.jpg,,,,
Smalland Survive the Wilds,7.6 Gb,PC,portadas/Smalland Survive the Wilds.jpg,,,,
Snap Snap,3.7 Gb,PC,portadas/Snap Snap.jpg,,,,
Sniper Elite 3 Afrika Ultimate Edition,8.7 Gb,PC,portadas/Sniper Elite 3 Afrika Ultimate Edition.jpg,,,,
Sniper Elite 3 Ultimate Edition,20.6 Gb,PC,portadas/Sniper Elite 3 Ultimate Edition.jpg,,,,
Sniper Elite 4 Deluxe Edition,52.2 Gb,PC,portadas/Sniper Elite 4 Deluxe Edition.jpg,,,,
Sniper Elite Berlin,3.6 Gb,PC,portadas/Sniper Elite Berlin.jpg,,,,
Sniper Elite Remastered,10.3 Gb,PC,portadas/Sniper Elite Remastered.jpg,,,,
Sniper Ghost Warrior 2,6.8 Gb,PC,portadas/Sniper Ghost Warrior 2.jpg,,,,
Sniper Ghost Warrior Contracts,12.1 Gb,PC,portadas/Sniper Ghost Warrior Contracts.jpg,,,,
Sniper Ghost Warrior Contracts 2,16.4 Gb,PC,portadas/Sniper Ghost Warrior Contracts 2.jpg,,,,
Sniper Ghost Warrior Gold Edicion,6.4 Gb,PC,portadas/Sniper Ghost Warrior Gold Edicion.jpg,,,,
Snow Bros Special Anniversary Edition,0.6 Gb,PC,portadas/Snow Bros Special Anniversary Edition.jpg,,,,
SnowRunner A MudRunner,26.0 Gb,PC,portadas/SnowRunner A MudRunner.jpg,,,,
Sociable Soccer 25,1.9 Gb,PC,portadas/Sociable Soccer 25.jpg,,,,
Soda Crisis,4.5 Gb,PC,portadas/Soda Crisis.jpg,,,,
Son And Bone,15.0 Gb,PC,portadas/Son And Bone.jpg,,,,
Song of Nunu A League of Legends Story,22.2 Gb,PC,portadas/Song of Nunu A League of Legends Story.jpg,,,,
song oft he prairiev 12,2.6 Gb,PC,portadas/song oft he prairiev 12.jpg,,,,
Songs Of Steel Hispania,2.0 Gb,PC,portadas/Songs Of Steel Hispania.jpg,,,,
Sonic And All Stars Racing Transformed,7.1 Gb,PC,portadas/Sonic And All Stars Racing Transformed.jpg,,,,
Sons of the Forest,8.4 Gb,PC,portadas/Sons of the Forest.jpg,,,,
SOULCALIBUR VI Deluxe Edition,16.5 Gb,PC,portadas/SOULCALIBUR VI Deluxe Edition.jpg,,,,
Soulmask ,9.7 Gb,PC,portadas/Soulmask.jpg,,,,
Soulstice Deluxe Edition,26.9 Gb,PC,portadas/Soulstice Deluxe Edition.jpg,,,,
South of Midnight,37.4 Gb,PC,portadas/South of Midnight.jpg,,,,
South Park Snow Day,18.0 Gb,PC,portadas/South Park Snow Day.jpg,,,,
SP Football Life,75.0 Gb,PC,portadas/SP Football Life.jpg,,,,
Space Engineers Frostbite Deluxe Edition,15.9 Gb,PC,portadas/Space Engineers Frostbite Deluxe Edition.jpg,,,,
Space For Sale,2.7 Gb,PC,portadas/Space For Sale.jpg,,,,
Spec Ops The Line,6.1 Gb,PC,portadas/Spec Ops The Line.jpg,,,,
Speed Lane,3.7 Gb,PC,portadas/Speed Lane.jpg,,,,
Spider Man 3,4.1 Gb,PC,portadas/Spider Man 3.jpg,,,,
Spintires Aftermath,2.2 Gb,PC,portadas/Spintires Aftermath.jpg,,,,
Split Fiction,76.6 Gb,PC,portadas/Split Fiction.jpg,,,,
Spore,3.8 Gb,PC,portadas/Spore.jpg,,,,
STALKER 2 Heart Of Chornobyl Ultimate Edition,134.0 Gb,PC,portadas/STALKER 2 Heart Of Chornobyl Ultimate Edition.jpg,,,,
STALKER COP,4.0 Gb,PC,portadas/STALKER COP.jpg,,,,
Star Craft,0.2 Gb,PC,portadas/Star Craft.jpg,,,,
Star Craft II,28.0 Gb,PC,portadas/Star Craft II.jpg,,,,
Star Ocean The Second Story R,16.6 Gb,PC,portadas/Star Ocean The Second Story R.jpg,,,,
Star Trek Legacy,2.1 Gb,PC,portadas/Star Trek Legacy.jpg,,,,
Star Wars Battlefront II Celebration Edition ,72.7 Gb,PC,portadas/Star Wars Battlefront II Celebration Edition.jpg,,,,
STAR WARS Bounty Hunter,8.6 Gb,PC,portadas/STAR WARS Bounty Hunter.jpg,,,,
Star Wars Episode I Jedi Power Battles,3.4 Gb,PC,portadas/Star Wars Episode I Jedi Power Battles.jpg,,,,
Star Wars Jedi Fallen Order Digital Deluxe Edition,57.5 Gb,PC,portadas/Star Wars Jedi Fallen Order Digital Deluxe Edition.jpg,,,,
STAR WARS Jedi Survivor,128.6 Gb,PC,portadas/STAR WARS Jedi Survivor.jpg,,,,
Star Wars The Force Unleashed Collection,15.3 Gb,PC,portadas/Star Wars The Force Unleashed Collection.jpg,,,,
Starcom Unknown Space,2.3 Gb,PC,portadas/Starcom Unknown Space.jpg,,,,
Stardiver,4.0 Gb,PC,portadas/Stardiver.jpg,,,,
Starfield,103.3 Gb,PC,portadas/Starfield.jpg,,,,
Starship Troopers Terran Command,6.5 Gb,PC,portadas/Starship Troopers Terran Command.jpg,,,,
State Of Decay Year One,2.9 Gb,PC,portadas/State Of Decay Year One.jpg,,,,
Steamworld Heist,4.7 Gb,PC,portadas/Steamworld Heist.jpg,,,,
Steel Rising,22.8 Gb,PC,portadas/Steel Rising.jpg,,,,
Steel Seed,28.9 Gb,PC,portadas/Steel Seed.jpg,,,,
Stellaris,8.2 Gb,PC,portadas/Stellaris.jpg,,,,
Stellaris Apocalypse,9.9 Gb,PC,portadas/Stellaris Apocalypse.jpg,,,,
Stories The Path Of Destinies,1.5 Gb,PC,portadas/Stories The Path Of Destinies.jpg,,,,
Stranded Alien Dawn,11.2 Gb,PC,portadas/Stranded Alien Dawn.jpg,,,,
Stranded Deep,1.7 Gb,PC,portadas/Stranded Deep.jpg,,,,
Strange Aeons,1.2 Gb,PC,portadas/Strange Aeons.jpg,,,,
Stray,6.2 Gb,PC,portadas/Stray.jpg,,,,
Strayed Lights,7.4 Gb,PC,portadas/Strayed Lights.jpg,,,,
Streamer Life Simulator 2,5.5 Gb,PC,portadas/Streamer Life Simulator 2.jpg,,,,
Street Fighter X Tekken Complete Pack,5.2 Gb,PC,portadas/Street Fighter X Tekken Complete Pack.jpg,,,,
Stronghold Crusader 2 The Princess and The Pig,2.9 Gb,PC,portadas/Stronghold Crusader 2 The Princess and The Pig.jpg,,,,
Stronghold Definitive Edition,13.0 Gb,PC,portadas/Stronghold Definitive Edition.jpg,,,,
Subnautica,11.3 Gb,PC,portadas/Subnautica.jpg,,,,
Subsistence,2.1 Gb,PC,portadas/Subsistence.jpg,,,,
Suicide Squad Kill The Justice League,85.9 Gb,PC,portadas/Suicide Squad Kill The Justice League.jpg,,,,
Supermarket Simulator 2 ,1.7 Gb,PC,portadas/Supermarket Simulator 2.jpg,,,,
SuperMegaBaseball 3,11.8 Gb,PC,portadas/SuperMegaBaseball 3.jpg,,,,
Surmount A Mountain Climbing Adventure,2.8 Gb,PC,portadas/Surmount A Mountain Climbing Adventure.jpg,,,,
Surviving Mars Martian Express,8.0 Gb,PC,portadas/Surviving Mars Martian Express.jpg,,,,
Syberia 3 Deluxe Edition ,16.7 Gb,PC,portadas/Syberia 3 Deluxe Edition.jpg,,,,
Tainted Grail The Fall of Avalon,19.7 Gb,PC,portadas/Tainted Grail The Fall of Avalon.jpg,,,,
Tales Of Arise Beyond The Dawn,49.0 Gb,PC,portadas/Tales Of Arise Beyond The Dawn.jpg,,,,
Tales of Kenzera ZAU,14.5 Gb,PC,portadas/Tales of Kenzera ZAU.jpg,,,,
Tamarin,9.3 Gb,PC,portadas/Tamarin.jpg,,,,
Taxi Life A City Driving Simulator,5.2 Gb,PC,portadas/Taxi Life A City Driving Simulator.jpg,,,,
Tchia,1.9 Gb,PC,portadas/Tchia.jpg,,,,
Tech Store Simulator,2.0 Gb,PC,portadas/Tech Store Simulator.jpg,,,,
Techtonica,6.7 Gb,PC,portadas/Techtonica.jpg,,,,
TEKKEN 8,84.7 Gb,PC,portadas/TEKKEN 8.jpg,,,,
Tempest Rising,39.2 Gb,PC,portadas/Tempest Rising.jpg,,,,
Tenoke cage of roses,0.6 Gb,PC,portadas/Tenoke cage of roses.jpg,,,,
Tenoke mini city mayhem,1.1 Gb,PC,portadas/Tenoke mini city mayhem.jpg,,,,
Tenoke planet pioneers,1.3 Gb,PC,portadas/Tenoke planet pioneers.jpg,,,,
Terminator Dark Fate Defiance We Are Legion,20.1 Gb,PC,portadas/Terminator Dark Fate Defiance We Are Legion.jpg,,,,
Terminator Resistance,14.4 Gb,PC,portadas/Terminator Resistance.jpg,,,,
Terraria,0.6 Gb,PC,portadas/Terraria.jpg,,,,
Test Drive Unlimited 2 Complete,7.2 Gb,PC,portadas/Test Drive Unlimited 2 Complete.jpg,,,,
The Alters,47.6 Gb,PC,portadas/The Alters.jpg,,,,
The Amazing Spider Man 2 Bundle,8.4 Gb,PC,portadas/The Amazing Spider Man 2 Bundle.jpg,,,,
The Amazing Spider-Man,7.9 Gb,PC,portadas/The Amazing Spider-Man.jpg,,,,
The Ascent Cyber Heist,19.4 Gb,PC,portadas/The Ascent Cyber Heist.jpg,,,,
The Axis Unseen,23.0 Gb,PC,portadas/The Axis Unseen.jpg,,,,
The Callisto Protocol,74.1 Gb,PC,portadas/The Callisto Protocol.jpg,,,,
The Dark Esttales,4.4 Gb,PC,portadas/The Dark Esttales.jpg,,,,
The Dark Pictures Anthology The Devil in Me,31.5 Gb,PC,portadas/The Dark Pictures Anthology The Devil in Me.jpg,,,,
the dawning clocks of time remake,9.3 Gb,PC,portadas/the dawning clocks of time remake.jpg,,,,
The Elder Scrolls IV Oblivion Remastered,113.1 Gb,PC,portadas/The Elder Scrolls IV Oblivion Remastered.jpg,,,,
The Elder Scrolls V Skyrim Anniversary Edition,15.9 Gb,PC,portadas/The Elder Scrolls V Skyrim Anniversary Edition.jpg,,,,
The Elder Scrolls V Skyrim Special Edition,13.7 Gb,PC,portadas/The Elder Scrolls V Skyrim Special Edition.jpg,,,,
The Eternal Cylinder,6.7 Gb,PC,portadas/The Eternal Cylinder.jpg,,,,
The Evil Within 2,33.3 Gb,PC,portadas/The Evil Within 2.jpg,,,,
THE FOREST,1.9 Gb,PC,portadas/THE FOREST.jpg,,,,
The Genesis Order,12.5 Gb,PC,portadas/The Genesis Order.jpg,,,,
the glitched attraction,2.9 Gb,PC,portadas/the glitched attraction.jpg,,,,
The Godfather,7.2 Gb,PC,portadas/The Godfather.jpg,,,,
The Grinch,2.0 Gb,PC,portadas/The Grinch.jpg,,,,
The Gunk,6.1 Gb,PC,portadas/The Gunk.jpg,,,,
The hunter Call Of The Wild Complete Collection,25.8 Gb,PC,portadas/The hunter Call Of The Wild Complete Collection.jpg,,,,
The Incredible Adventures Of Van Helsing II,5.1 Gb,PC,portadas/The Incredible Adventures Of Van Helsing II.jpg,,,,
The Last Alchemist,1.5 Gb,PC,portadas/The Last Alchemist.jpg,,,,
The Last FARMER,7.2 Gb,PC,portadas/The Last FARMER.jpg,,,,
The Last of Us Part I Deluxe Edition,67.3 Gb,PC,portadas/The Last of Us Part I Deluxe Edition.jpg,,,,
The Last of Us Parte II Remastered,72.6 Gb,PC,portadas/The Last of Us Parte II Remastered.jpg,,,,
The Lord of the Rings Return to Moria ,15.2 Gb,PC,portadas/The Lord of the Rings Return to Moria.jpg,,,,
The Lost Village,4.5 Gb,PC,portadas/The Lost Village.jpg,,,,
The Mean Greens Plastic Warfare,6.4 Gb,PC,portadas/The Mean Greens Plastic Warfare.jpg,,,,
The Mediun,23.3 Gb,PC,portadas/The Mediun.jpg,,,,
The Mortuary Assistant Definitive Edition Español,2.6 Gb,PC,portadas/The Mortuary Assistant Definitive Edition Español.jpg,,,,
The Outer Worlds Spacers Choice Edition,50.5 Gb,PC,portadas/The Outer Worlds Spacers Choice Edition.jpg,,,,
The Pioneers Surviving Desolation,2.3 Gb,PC,portadas/The Pioneers Surviving Desolation.jpg,,,,
The Planet Crafter,2.9 Gb,PC,portadas/The Planet Crafter.jpg,,,,
The Quarry,34.9 Gb,PC,portadas/The Quarry.jpg,,,,
The Rogue Prince of Persia,1.0 Gb,PC,portadas/The Rogue Prince of Persia.jpg,,,,
The Sims 2 Legacy Collection,5.8 Gb,PC,portadas/The Sims 2 Legacy Collection.jpg,,,,
The Sims Medieval,5.1 Gb,PC,portadas/The Sims Medieval.jpg,,,,
The Stanley Parable Ultra Deluxe,2.7 Gb,PC,portadas/The Stanley Parable Ultra Deluxe.jpg,,,,
The Surge 2 ERRRORRR,10.7 Gb,PC,portadas/The Surge 2 ERRRORRR.jpg,,,,
The Walking Dead Complete First Season,4.1 Gb,PC,portadas/The Walking Dead Complete First Season.jpg,,,,
The Wandering Village,0.5 Gb,PC,portadas/The Wandering Village.jpg,,,,
The Wind Road,27.2 Gb,PC,portadas/The Wind Road.jpg,,,,
The Witcher 2,20.2 Gb,PC,portadas/The Witcher 2.jpg,,,,
The Witcher 3 Wild Hunt Complete Edition,47.0 Gb,PC,portadas/The Witcher 3 Wild Hunt Complete Edition.jpg,,,,
The Wolf Among Us Episode 1,1.2 Gb,PC,portadas/The Wolf Among Us Episode 1.jpg,,,,
The Wolf Among Us Episode 2 error,1.0 Gb,PC,portadas/The Wolf Among Us Episode 2 error.jpg,,,,
Thief Simulator,11.4 Gb,PC,portadas/Thief Simulator.jpg,,,,
This Land Is My Land,2.6 Gb,PC,portadas/This Land Is My Land.jpg,,,,
This War of Mine Anniversary Edition,1.4 Gb,PC,portadas/This War of Mine Anniversary Edition.jpg,,,,
Three Kingdoms Zhao Yun,16.3 Gb,PC,portadas/Three Kingdoms Zhao Yun.jpg,,,,
Thymesia,6.1 Gb,PC,portadas/Thymesia.jpg,,,,
Timberborn Badwater,2.5 Gb,PC,portadas/Timberborn Badwater.jpg,,,,
Tintin Reporter Cigars of the Pharaoh,30.6 Gb,PC,portadas/Tintin Reporter Cigars of the Pharaoh.jpg,,,,
Tiny Tinas Wonderlands,42.2 Gb,PC,portadas/Tiny Tinas Wonderlands.jpg,,,,
Titan Quest,5.0 Gb,PC,portadas/Titan Quest.jpg,,,,
Titan Quest II,46.9 Gb,PC,portadas/Titan Quest II.jpg,,,,
Titanfall 2,48.8 Gb,PC,portadas/Titanfall 2.jpg,,,,
TMN shredders revenge radical reptiles,1.4 Gb,PC,portadas/TMN shredders revenge radical reptiles.jpg,,,,
TMNT Mutants Unleashed,9.1 Gb,PC,portadas/TMNT Mutants Unleashed.jpg,,,,
TMNT Splintered Fate Casey And The Junkyard Jam,2.6 Gb,PC,portadas/TMNT Splintered Fate Casey And The Junkyard Jam.jpg,,,,
TMNTA Wrath of the Mutants,2.4 Gb,PC,portadas/TMNTA Wrath of the Mutants.jpg,,,,
Tom Clancy's Ghost Recon Future Soldier Complete Edition,12.0 Gb,PC,portadas/Tom Clancy's Ghost Recon Future Soldier Complete Edition.jpg,,,,
Tom Clancy's Ghost Recon Wildlands Ultimate Edition,73.7 Gb,PC,portadas/Tom Clancy's Ghost Recon Wildlands Ultimate Edition.jpg,,,,
Tom Clancy's Hawx 2,6.3 Gb,PC,portadas/Tom Clancy's Hawx 2.jpg,,,,
Tom Clancy's Rainbow Six_Siege. Advanced Edition noo,52.7 Gb,PC,portadas/Tom Clancy's Rainbow Six_Siege. Advanced Edition noo.jpg,,,,
Tom Clancys Rainbow Six Vegas 2-RELOADED,4.8 Gb,PC,portadas/Tom Clancys Rainbow Six Vegas 2-RELOADED.jpg,,,,
Tom Clancys Splinter Cell Black List,22.6 Gb,PC,portadas/Tom Clancys Splinter Cell Black List.jpg,,,,
Tom Clancys Splinter Cell Conviction,7.2 Gb,PC,portadas/Tom Clancys Splinter Cell Conviction.jpg,,,,
Tomb Raider Game Of The Year Edition,17.0 Gb,PC,portadas/Tomb Raider Game Of The Year Edition.jpg,,,,
Tomb Raider I-III Remastered Starring Lara Croft,3.6 Gb,PC,portadas/Tomb Raider I-III Remastered Starring Lara Croft.jpg,,,,
Tomb Raider IV-VI Remastered,6.3 Gb,PC,portadas/Tomb Raider IV-VI Remastered.jpg,,,,
Tomb Raider Lara Croft and the Temple of Osiris,2.7 Gb,PC,portadas/Tomb Raider Lara Croft and the Temple of Osiris.jpg,,,,
Tomb Raider Rise Of The Tomb Raider Deluxe Edition,13.8 Gb,PC,portadas/Tomb Raider Rise Of The Tomb Raider Deluxe Edition.jpg,,,,
Tomb Raider Shadow Of The Tomb Raider Definitive Edition,28.7 Gb,PC,portadas/Tomb Raider Shadow Of The Tomb Raider Definitive Edition.jpg,,,,
Torchlight II,1.6 Gb,PC,portadas/Torchlight II.jpg,,,,
Torchlight III,5.5 Gb,PC,portadas/Torchlight III.jpg,,,,
Tormented Souls,6.6 Gb,PC,portadas/Tormented Souls.jpg,,,,
Total Overdose,1.5 Gb,PC,portadas/Total Overdose.jpg,,,,
Total Tank Simulator Italy,3.2 Gb,PC,portadas/Total Tank Simulator Italy.jpg,,,,
Total War Attila,29.6 Gb,PC,portadas/Total War Attila.jpg,,,,
Total War Battles Shogun,0.7 Gb,PC,portadas/Total War Battles Shogun.jpg,,,,
Total War Napoleon Imperial Edition,15.2 Gb,PC,portadas/Total War Napoleon Imperial Edition.jpg,,,,
Total War Rome Collection,2.8 Gb,PC,portadas/Total War Rome Collection.jpg,,,,
Total War Rome II DLC Rise of the Republic,17.3 Gb,PC,portadas/Total War Rome II DLC Rise of the Republic.jpg,,,,
Total War Rome Remastered,31.3 Gb,PC,portadas/Total War Rome Remastered.jpg,,,,
Total War Saga Thrones of Britannia,5.4 Gb,PC,portadas/Total War Saga Thrones of Britannia.jpg,,,,
Total War Saga TROY,26.2 Gb,PC,portadas/Total War Saga TROY.jpg,,,,
Total War Shogun 2 Complete,13.0 Gb,PC,portadas/Total War Shogun 2 Complete.jpg,,,,
Total War THREE KINGDOMS,20.8 Gb,PC,portadas/Total War THREE KINGDOMS.jpg,,,,
Total War WARHAMMER,24.9 Gb,PC,portadas/Total War WARHAMMER.jpg,,,,
Total War WARHAMMER II,29.5 Gb,PC,portadas/Total War WARHAMMER II.jpg,,,,
Tour de France,26.9 Gb,PC,portadas/Tour de France.jpg,,,,
Train Yard Builder Español,9.6 Gb,PC,portadas/Train Yard Builder Español.jpg,,,,
Transformers Devastation,5.3 Gb,PC,portadas/Transformers Devastation.jpg,,,,
Transformers Fall of Cybertron,4.4 Gb,PC,portadas/Transformers Fall of Cybertron.jpg,,,,
Transformers War for Cybertron,5.4 Gb,PC,portadas/Transformers War for Cybertron.jpg,,,,
Trek to Yomi,7.7 Gb,PC,portadas/Trek to Yomi.jpg,,,,
Trepang 2,16.3 Gb,PC,portadas/Trepang 2.jpg,,,,
Trine 1,0.5 Gb,PC,portadas/Trine 1.jpg,,,,
Trine 2 Complete Story,3.0 Gb,PC,portadas/Trine 2 Complete Story.jpg,,,,
Trine 3 The Artifacts Of Power,4.6 Gb,PC,portadas/Trine 3 The Artifacts Of Power.jpg,,,,
Trine 4 The Nightmare Prince Toby's Dream,12.7 Gb,PC,portadas/Trine 4 The Nightmare Prince Toby's Dream.jpg,,,,
Trine 5 A Clockwork Conspiracy,15.3 Gb,PC,portadas/Trine 5 A Clockwork Conspiracy.jpg,,,,
Tropico 3 Gold Edition,3.0 Gb,PC,portadas/Tropico 3 Gold Edition.jpg,,,,
Tropico 6,11.5 Gb,PC,portadas/Tropico 6.jpg,,,,
Truck and Logistics Simulator,0.7 Gb,PC,portadas/Truck and Logistics Simulator.jpg,,,,
Tunic,1.4 Gb,PC,portadas/Tunic.jpg,,,,
UBOAT,15.5 Gb,PC,portadas/UBOAT.jpg,,,,
Ultimate Epic Battle Simulator 2,7.8 Gb,PC,portadas/Ultimate Epic Battle Simulator 2.jpg,,,,
ULTRAKILL,2.2 Gb,PC,portadas/ULTRAKILL.jpg,,,,
Uncharted 4 Legacy of Thieves Collection,63.8 Gb,PC,portadas/Uncharted 4 Legacy of Thieves Collection.jpg,,,,
Undead City Early Access,6.3 Gb,PC,portadas/Undead City Early Access.jpg,,,,
Under the Witch,7.1 Gb,PC,portadas/Under the Witch.jpg,,,,
Underworld Ascendant,22.1 Gb,PC,portadas/Underworld Ascendant.jpg,,,,
Undying ,2.4 Gb,PC,portadas/Undying.jpg,,,,
Unknown 9 Awakening,32.6 Gb,PC,portadas/Unknown 9 Awakening.jpg,,,,
Unravel,2.5 Gb,PC,portadas/Unravel.jpg,,,,
Unravel Two,3.9 Gb,PC,portadas/Unravel Two.jpg,,,,
Until Dawn,57.5 Gb,PC,portadas/Until Dawn.jpg,,,,
Until Then,1.2 Gb,PC,portadas/Until Then.jpg,,,,
Usc Counterforce Español,4.4 Gb,PC,portadas/Usc Counterforce Español.jpg,,,,
Used Cars Simulator,8.2 Gb,PC,portadas/Used Cars Simulator.jpg,,,,
V Rising Español,3.5 Gb,PC,portadas/V Rising Español.jpg,,,,
Valheim,0.9 Gb,PC,portadas/Valheim.jpg,,,,
Valkyrie Elysium,11.8 Gb,PC,portadas/Valkyrie Elysium.jpg,,,,
VALORANT,53.7 Gb,Online,portadas/VALORANT.jpg,,,,
vampire the masquerade redemption,1.3 Gb,PC,portadas/vampire the masquerade redemption.jpg,,,,
Vanquish Deluxe Edition,15.4 Gb,PC,portadas/Vanquish Deluxe Edition.jpg,,,,
Victoria 3,4.7 Gb,PC,portadas/Victoria 3.jpg,,,,
Vikings Wolves Of Midgard,4.9 Gb,PC,portadas/Vikings Wolves Of Midgard.jpg,,,,
Visage,7.3 Gb,PC,portadas/Visage.jpg,,,,
VLADiK BRUTAL,13.6 Gb,PC,portadas/VLADiK BRUTAL.jpg,,,,
Voice of Cards The Beasts of Burden,4.4 Gb,PC,portadas/Voice of Cards The Beasts of Burden.jpg,,,,
Voidigo,1.6 Gb,PC,portadas/Voidigo.jpg,,,,
War Thunder,60.5 Gb,PC Online,portadas/War Thunder.jpg,,,,
Warcraft I Remastered,0.7 Gb,PC,portadas/Warcraft I Remastered.jpg,,,,
Warcraft II Battle.net Edition,0.7 Gb,PC,portadas/Warcraft II Battle.net Edition.jpg,,,,
Warcraft II Remastered,2.3 Gb,PC,portadas/Warcraft II Remastered.jpg,,,,
WarCraft III,2.2 Gb,PC,portadas/WarCraft III.jpg,,,,
Warcraft III Reforged,31.2 Gb,PC,portadas/Warcraft III Reforged.jpg,,,,
Warhammer 40 000 Battlesector,4.3 Gb,PC,"portadas/Warhammer 40 000 Battlesector.jpg""",,,,
Warhammer 40 000 Dawn Of War Definitive Edition,17.0 Gb,PC,"portadas/Warhammer 40 000 Dawn Of War Definitive Edition.jpg""",,,,
Warhammer 40 000 Dawn Of War III,20.3 Gb,PC,"portadas/Warhammer 40 000 Dawn Of War III.jpg""",,,,
Warhammer 40 000 Rogue Trader,0.1 Gb,PC,"portadas/Warhammer 40 000 Rogue Trader.jpg""",,,,
Warhammer 40 000 Space Marine 2,41.2 Gb,PC,"portadas/Warhammer 40 000 Space Marine 2.jpg""",,,,
Warhammer 40 000 Space Marine Collection,2.4 Gb,PC,"portadas/Warhammer 40 000 Space Marine Collection.jpg""",,,,
Warriors Abyss,3.1 Gb,PC,portadas/Warriors Abyss.jpg,,,,
Wartales Español,8.2 Gb,PC,portadas/Wartales Español.jpg,,,,
Wasteland 2,5.0 Gb,PC,portadas/Wasteland 2.jpg,,,,
Wasteland 3,14.4 Gb,PC,portadas/Wasteland 3.jpg,,,,
Watch Dogs 2 Deluxe Edition,33.7 Gb,PC,portadas/Watch Dogs 2 Deluxe Edition.jpg,,,,
Watch Dogs Complete Edition,21.3 Gb,PC,portadas/Watch Dogs Complete Edition.jpg,,,,
Watch Dogs Legion,56.8 Gb,PC,portadas/Watch Dogs Legion.jpg,,,,
Way of the Hunter,13.3 Gb,PC,portadas/Way of the Hunter.jpg,,,,
Wayfinder,45.4 Gb,PC,portadas/Wayfinder.jpg,,,,
Welcome to ParadiZe,10.4 Gb,PC,portadas/Welcome to ParadiZe.jpg,,,,
What Remains of Edith Finch,2.4 Gb,PC,portadas/What Remains of Edith Finch.jpg,,,,
Wild Hearts Karakuri Edition,45.3 Gb,PC,portadas/Wild Hearts Karakuri Edition.jpg,,,,
Wild West Dynasty,4.3 Gb,PC,portadas/Wild West Dynasty.jpg,,,,
winter games collection,3.8 Gb,PC,portadas/winter games collection.jpg,,,,
Winter Survival,8.3 Gb,PC,portadas/Winter Survival.jpg,,,,
Witchfire Pc Game,31.7 Gb,PC,portadas/Witchfire Pc Game.jpg,,,,
Wizard of Legend,0.3 Gb,PC,portadas/Wizard of Legend.jpg,,,,
Wo Long Fallen Dynasty Battle of Zhongyuan,44.2 Gb,PC,portadas/Wo Long Fallen Dynasty Battle of Zhongyuan.jpg,,,,
Wolfenstein II The New Colossus The Deeds of Captain Wilkins,60.7 Gb,PC,portadas/Wolfenstein II The New Colossus The Deeds of Captain Wilkins.jpg,,,,
Wolfenstein The New Order,44.0 Gb,PC,portadas/Wolfenstein The New Order.jpg,,,,
Wolfenstein The Old Blood,38.2 Gb,PC,portadas/Wolfenstein The Old Blood.jpg,,,,
Wolfenstein Youngblood,37.0 Gb,PC,portadas/Wolfenstein Youngblood.jpg,,,,
Woolfe The Red Hood Diaries,2.4 Gb,PC,portadas/Woolfe The Red Hood Diaries.jpg,,,,
Workers and Resources Soviet Republic,2.4 Gb,PC,portadas/Workers and Resources Soviet Republic.jpg,,,,
World In Conflict,4.2 Gb,PC,portadas/World In Conflict.jpg,,,,
World of Goo,0.2 Gb,PC,portadas/World of Goo.jpg,,,,
World Of Goo 2,1.9 Gb,PC,portadas/World Of Goo 2.jpg,,,,
World of Warcraft Cataclysm,14.1Gb,PC Online,portadas/World of Warcraft Cataclysm.jpg,,,,
World of Warcraft dragon flight,109.1 Gb,PC Online,portadas/World of Warcraft dragon flight.jpg,,,,
World of Warcraft Legion,50.4 Gb,PC Online,portadas/World of Warcraft Legion.jpg,,,,
World of Warcraft Pandaria,25.2 Gb,PC Online,portadas/World of Warcraft Pandaria.jpg,,,,
World of Warcraft The War Within,102.0 Gb,PC Online,portadas/World of Warcraft The War Within.jpg,,,,true
World of Warcraft Wrath of the Lich King,18.6 Gb,PC Online,portadas/World of Warcraft Wrath of the Lich King.jpg,,,,
Wowo Island,2.4 Gb,PC,portadas/Wowo Island.jpg,,,,
Wrath Aeon Of Ruin,1.4 Gb,PC,portadas/Wrath Aeon Of Ruin.jpg,,,,
Wuchang Fallen Feathers Deluxe Edition,15.3 Gb,PC,portadas/Wuchang Fallen Feathers Deluxe Edition.jpg,,,,
WWE 2K24,89.2 Gb,PC,portadas/WWE 2K24.jpg,,,,
WWW 2K25,89.0 Gb,PC,portadas/WWW 2K25.jpg,,,,
Wylde Flowers,2.9 Gb,PC,portadas/Wylde Flowers.jpg,,,,
Yakuza 0,25.3 Gb,PC,portadas/Yakuza 0.jpg,,,,
Yakuza 3 Remastered,20.6 Gb,PC,portadas/Yakuza 3 Remastered.jpg,,,,
Yakuza 4 Remastered,29.1 Gb,PC,portadas/Yakuza 4 Remastered.jpg,,,,
Yakuza 5 Remastered,25.1 Gb,PC,portadas/Yakuza 5 Remastered.jpg,,,,
Yakuza Kiwami,16.9 Gb,PC,portadas/Yakuza Kiwami.jpg,,,,
Yakuza Kiwami 2,30.8 Gb,PC,portadas/Yakuza Kiwami 2.jpg,,,,
yakuza like a dragon,47.1 Gb,PC,portadas/yakuza like a dragon.jpg,,,,
Youtubers Life 2 Citystories,1.9 Gb,PC,portadas/Youtubers Life 2 Citystories.jpg,,,,
Yu-Gi-Oh EARLY DAYS COLLECTION,4.7 Gb,PC,portadas/Yu-Gi-Oh EARLY DAYS COLLECTION.jpg,,,,
Yu-Gi-Oh Legacy of The Duelist,0.8 Gb,PC,portadas/Yu-Gi-Oh Legacy of The Duelist.jpg,,,,
Yu-Gi-Oh! Joey The Passion,0.4 Gb,PC,portadas/Yu-Gi-Oh! Joey The Passion.jpg,,,,
ZenlessZoneZero Game,65.9 Gb,PC Online,portadas/ZenlessZoneZero Game.jpg,,,,
Zombie Army Dead War 4,57.1 Gb,PC,portadas/Zombie Army Dead War 4.jpg,,,,
Zombie Army Trilogy,7.5 Gb,PC,portadas/Zombie Army Trilogy.jpg,,,,
Zombie Police Christmas Dancing With Police Zombies,2.3 Gb,PC,portadas/Zombie Police Christmas Dancing With Police Zombies.jpg,,,,
Zoo Tycoon Ultimate Animal Collection,9.4 Gb,PC,portadas/Zoo Tycoon Ultimate Animal Collection.jpg,,,,
